Time,N2O 2
2022-08-10T22:15:00.000Z,0.02
2022-08-10T21:38:00.000Z,0.02
2022-08-10T21:11:00.000Z,0.02
2022-08-10T21:08:00.000Z,0.02
2022-08-10T20:38:00.000Z,0.02
2022-08-10T20:08:00.000Z,0.02
2022-08-10T19:38:00.000Z,0.02
2022-08-10T19:27:00.000Z,0.02
2022-08-10T18:38:00.000Z,0.02
2022-08-10T18:19:00.000Z,0.02
2022-08-10T18:15:00.000Z,0.02
2022-08-10T18:11:00.000Z,0.02
2022-08-10T18:09:00.000Z,0.02
2022-08-10T18:08:00.000Z,0.02
2022-08-10T17:38:00.000Z,0.02
2022-08-10T17:08:00.000Z,0.01
2022-08-10T16:38:00.000Z,0.01
2022-08-10T16:08:00.000Z,0.01
2022-08-10T15:55:00.000Z,0.01
2022-08-10T15:44:00.000Z,0.01
2022-08-10T15:38:00.000Z,0.01
2022-08-10T15:08:00.000Z,0.02
2022-08-10T14:38:00.000Z,0.02
2022-08-10T14:09:00.000Z,0.01
2022-08-10T13:42:00.000Z,0.01
2022-08-10T13:38:00.000Z,0.01
2022-08-10T13:37:00.000Z,0.01
2022-08-10T13:31:00.000Z,0.01
2022-08-10T13:25:00.000Z,0.01
2022-08-10T13:23:00.000Z,0.01
2022-08-10T13:15:00.000Z,0.02
2022-08-10T13:14:00.000Z,0.02
2022-08-10T13:08:00.000Z,0.02
2022-08-10T12:38:00.000Z,0.02
2022-08-10T12:08:00.000Z,0.02
2022-08-10T11:08:00.000Z,0.01
2022-08-10T11:03:00.000Z,0.01
2022-08-10T11:02:00.000Z,0.01
2022-08-10T10:59:00.000Z,0.01
2022-08-10T10:56:00.000Z,0.01
2022-08-10T10:52:00.000Z,0.01
2022-08-10T10:50:00.000Z,0.01
2022-08-10T10:46:00.000Z,0.01
2022-08-10T10:38:00.000Z,0.01
2022-08-10T10:08:00.000Z,0.01
2022-08-10T09:32:00.000Z,0.01
2022-08-10T09:09:00.000Z,0.01
2022-08-10T09:08:00.000Z,0.01
2022-08-10T08:38:00.000Z,0.01
2022-08-10T08:21:00.000Z,0.01
2022-08-10T08:21:00.000Z,0.02
2022-08-10T00:08:00.000Z,0.02
2022-08-09T23:38:00.000Z,0.02
2022-08-09T23:08:00.000Z,0.02
2022-08-09T22:38:00.000Z,0.02
2022-08-09T22:08:00.000Z,0.02
2022-08-09T21:32:00.000Z,0.02
2022-08-09T21:21:00.000Z,0.02
2022-08-09T21:08:00.000Z,0.02
2022-08-09T20:38:00.000Z,0.02
2022-08-09T19:38:00.000Z,0.02
2022-08-09T19:08:00.000Z,0.02
2022-08-09T18:38:00.000Z,0.02
2022-08-09T17:38:00.000Z,0.02
2022-08-09T17:08:00.000Z,0.02
2022-08-09T16:38:00.000Z,0.02
2022-08-09T16:08:00.000Z,0.02
2022-08-09T14:38:00.000Z,0.02
2022-08-09T14:08:00.000Z,0.02
2022-08-09T13:38:00.000Z,0.02
2022-08-09T13:08:00.000Z,0.02
2022-08-09T12:38:00.000Z,0.02
2022-08-09T12:08:00.000Z,0.03
2022-08-09T11:38:00.000Z,0.02
2022-08-09T11:08:00.000Z,0.02
2022-08-09T10:38:00.000Z,0.01
2022-08-09T10:08:00.000Z,0.01
2022-08-09T09:38:00.000Z,0.01
2022-08-09T09:09:00.000Z,0.01
2022-08-09T08:38:00.000Z,0.01
2022-08-09T08:08:00.000Z,0.01
2022-08-09T07:38:00.000Z,0.01
2022-08-09T04:38:00.000Z,0.01
2022-08-09T04:08:00.000Z,0.01
2022-08-09T03:38:00.000Z,0.01
2022-08-09T03:08:00.000Z,0.01
2022-08-09T02:38:00.000Z,0.01
2022-08-09T02:08:00.000Z,0.01
2022-08-09T01:38:00.000Z,0.01
2022-08-09T01:08:00.000Z,0.01
2022-08-09T00:38:00.000Z,0.01
2022-08-09T00:08:00.000Z,0.01
2022-08-08T23:38:00.000Z,0.01
2022-08-08T23:08:00.000Z,0.01
2022-08-08T22:38:00.000Z,0.01
2022-08-08T22:08:00.000Z,0.01
2022-08-08T21:38:00.000Z,0.02
2022-08-08T21:08:00.000Z,0.02
2022-08-08T20:38:00.000Z,0.02
2022-08-08T20:08:00.000Z,0.02
2022-08-08T19:52:00.000Z,0.02
2022-08-08T19:38:00.000Z,0.02
2022-08-08T19:08:00.000Z,0.02
2022-08-08T18:38:00.000Z,0.02
2022-08-08T18:08:00.000Z,0.01
2022-08-08T17:38:00.000Z,0.01
2022-08-08T17:08:00.000Z,0.01
2022-08-08T16:08:00.000Z,0.01
2022-08-08T15:59:00.000Z,0.01
2022-08-08T15:57:00.000Z,0.01
2022-08-08T15:51:00.000Z,0.01
2022-08-08T15:47:00.000Z,0.01
2022-08-08T15:46:00.000Z,0.01
2022-08-08T15:45:00.000Z,0.01
2022-08-08T15:43:00.000Z,0.01
2022-08-08T15:38:00.000Z,0.01
2022-08-08T15:38:00.000Z,0.01
2022-08-08T15:08:00.000Z,0.03
2022-08-08T14:08:00.000Z,0.03
2022-08-08T13:38:00.000Z,0.02
2022-08-08T13:08:00.000Z,0.02
2022-08-08T12:38:00.000Z,0.02
2022-08-08T12:16:00.000Z,0.02
2022-08-08T12:09:00.000Z,0.02
2022-08-08T12:08:00.000Z,0.02
2022-08-08T11:38:00.000Z,0.01
2022-08-08T11:08:00.000Z,0.01
2022-08-08T10:38:00.000Z,0.01
2022-08-08T10:08:00.000Z,0.01
2022-08-08T09:38:00.000Z,0.01
2022-08-08T08:38:00.000Z,0.01
2022-08-08T07:38:00.000Z,0.01
2022-08-08T07:08:00.000Z,0.0
2022-08-08T06:38:00.000Z,0.01
2022-08-08T06:08:00.000Z,0.0
2022-08-08T05:38:00.000Z,0.0
2022-08-08T05:08:00.000Z,0.01
2022-08-08T04:50:00.000Z,0.01
2022-08-08T04:47:00.000Z,0.01
2022-08-08T04:43:00.000Z,0.01
2022-08-08T04:42:00.000Z,0.01
2022-08-08T04:38:00.000Z,0.01
2022-08-08T04:08:00.000Z,0.01
2022-08-08T03:38:00.000Z,0.01
2022-08-08T03:08:00.000Z,0.01
2022-08-08T02:38:00.000Z,0.01
2022-08-08T02:08:00.000Z,0.01
2022-08-08T01:41:00.000Z,0.01
2022-08-08T01:38:00.000Z,0.01
2022-08-08T01:29:00.000Z,0.02
2022-08-08T01:25:00.000Z,0.02
2022-08-08T01:19:00.000Z,0.02
2022-08-08T01:18:00.000Z,0.02
2022-08-08T01:18:00.000Z,0.02
2022-08-08T01:06:00.000Z,0.01
2022-08-08T01:06:00.000Z,0.01
2022-08-08T01:05:00.000Z,0.01
2022-08-08T01:04:00.000Z,0.01
2022-08-08T00:59:00.000Z,0.01
2022-08-08T00:59:00.000Z,0.01
2022-08-08T00:58:00.000Z,0.01
2022-08-08T00:54:00.000Z,0.01
2022-08-08T00:52:00.000Z,0.01
2022-08-08T00:52:00.000Z,0.01
2022-08-08T00:48:00.000Z,0.01
2022-08-08T00:48:00.000Z,0.01
2022-08-08T00:46:00.000Z,0.01
2022-08-08T00:41:00.000Z,0.01
2022-08-08T00:38:00.000Z,0.01
2022-08-08T00:33:00.000Z,0.01
2022-08-08T00:22:00.000Z,0.01
2022-08-08T00:22:00.000Z,0.01
2022-08-08T00:19:00.000Z,0.01
2022-08-08T00:08:00.000Z,0.01
2022-08-08T00:03:00.000Z,0.01
2022-08-08T00:02:00.000Z,0.01
2022-08-08T00:01:00.000Z,0.01
2022-08-07T23:54:00.000Z,0.01
2022-08-07T23:48:00.000Z,0.01
2022-08-07T23:38:00.000Z,0.01
2022-08-07T23:36:00.000Z,0.01
2022-08-07T23:34:00.000Z,0.01
2022-08-07T23:31:00.000Z,0.01
2022-08-07T23:20:00.000Z,0.01
2022-08-07T23:18:00.000Z,0.01
2022-08-07T23:08:00.000Z,0.01
2022-08-07T23:05:00.000Z,0.01
2022-08-07T23:04:00.000Z,0.01
2022-08-07T23:04:00.000Z,0.01
2022-08-07T23:02:00.000Z,0.01
2022-08-07T23:02:00.000Z,0.01
2022-08-07T23:00:00.000Z,0.01
2022-08-07T22:59:00.000Z,0.01
2022-08-07T22:59:00.000Z,0.01
2022-08-07T22:54:00.000Z,0.01
2022-08-07T22:53:00.000Z,0.01
2022-08-07T22:53:00.000Z,0.01
2022-08-07T22:49:00.000Z,0.01
2022-08-07T22:47:00.000Z,0.01
2022-08-07T22:47:00.000Z,0.01
2022-08-07T22:46:00.000Z,0.01
2022-08-07T22:45:00.000Z,0.01
2022-08-07T22:40:00.000Z,0.01
2022-08-07T22:40:00.000Z,0.01
2022-08-07T22:39:00.000Z,0.01
2022-08-07T22:37:00.000Z,0.01
2022-08-07T22:35:00.000Z,0.01
2022-08-07T22:35:00.000Z,0.01
2022-08-07T22:32:00.000Z,0.01
2022-08-07T22:29:00.000Z,0.01
2022-08-07T22:28:00.000Z,0.01
2022-08-07T22:08:00.000Z,0.01
2022-08-07T21:59:00.000Z,0.01
2022-08-07T21:56:00.000Z,0.01
2022-08-07T21:51:00.000Z,0.01
2022-08-07T21:38:00.000Z,0.01
2022-08-07T21:37:00.000Z,0.01
2022-08-07T21:36:00.000Z,0.01
2022-08-07T21:35:00.000Z,0.01
2022-08-07T21:33:00.000Z,0.01
2022-08-07T21:32:00.000Z,0.01
2022-08-07T21:32:00.000Z,0.01
2022-08-07T21:31:00.000Z,0.01
2022-08-07T21:28:00.000Z,0.01
2022-08-07T21:27:00.000Z,0.01
2022-08-07T21:26:00.000Z,0.01
2022-08-07T21:26:00.000Z,0.01
2022-08-07T21:26:00.000Z,0.01
2022-08-07T21:25:00.000Z,0.01
2022-08-07T21:23:00.000Z,0.01
2022-08-07T21:23:00.000Z,0.01
2022-08-07T21:08:00.000Z,0.01
2022-08-07T20:41:00.000Z,0.01
2022-08-07T20:41:00.000Z,0.01
2022-08-07T20:36:00.000Z,0.01
2022-08-07T20:26:00.000Z,0.01
2022-08-07T20:25:00.000Z,0.01
2022-08-07T20:22:00.000Z,0.01
2022-08-07T20:20:00.000Z,0.01
2022-08-07T20:18:00.000Z,0.01
2022-08-07T20:13:00.000Z,0.01
2022-08-07T20:08:00.000Z,0.01
2022-08-07T20:08:00.000Z,0.01
2022-08-07T19:38:00.000Z,0.01
2022-08-07T19:08:00.000Z,0.01
2022-08-07T18:38:00.000Z,0.01
2022-08-07T18:08:00.000Z,0.01
2022-08-07T17:08:00.000Z,0.04
2022-08-07T16:38:00.000Z,0.04
2022-08-07T16:08:00.000Z,0.04
2022-08-07T15:38:00.000Z,0.03
2022-08-07T15:08:00.000Z,0.03
2022-08-07T15:00:00.000Z,0.03
2022-08-07T14:58:00.000Z,0.03
2022-08-07T14:52:00.000Z,0.03
2022-08-07T14:50:00.000Z,0.03
2022-08-07T14:49:00.000Z,0.03
2022-08-07T14:49:00.000Z,0.03
2022-08-07T14:48:00.000Z,0.03
2022-08-07T14:47:00.000Z,0.03
2022-08-07T14:44:00.000Z,0.03
2022-08-07T14:42:00.000Z,0.03
2022-08-07T14:39:00.000Z,0.02
2022-08-07T14:38:00.000Z,0.03
2022-08-07T14:36:00.000Z,0.03
2022-08-07T14:32:00.000Z,0.03
2022-08-07T14:31:00.000Z,0.03
2022-08-07T14:21:00.000Z,0.03
2022-08-07T14:20:00.000Z,0.03
2022-08-07T14:16:00.000Z,0.03
2022-08-07T14:09:00.000Z,0.03
2022-08-07T14:08:00.000Z,0.03
2022-08-07T14:07:00.000Z,0.03
2022-08-07T14:00:00.000Z,0.03
2022-08-07T13:43:00.000Z,0.03
2022-08-07T13:38:00.000Z,0.03
2022-08-07T13:08:00.000Z,0.03
2022-08-07T12:38:00.000Z,0.02
2022-08-07T12:08:00.000Z,0.02
2022-08-07T11:38:00.000Z,0.01
2022-08-07T11:08:00.000Z,0.01
2022-08-07T10:42:00.000Z,0.01
2022-08-07T10:39:00.000Z,0.01
2022-08-07T10:38:00.000Z,0.01
2022-08-07T10:23:00.000Z,0.01
2022-08-07T10:22:00.000Z,0.01
2022-08-07T10:20:00.000Z,0.01
2022-08-07T10:18:00.000Z,0.01
2022-08-07T10:18:00.000Z,0.01
2022-08-07T10:13:00.000Z,0.01
2022-08-07T10:11:00.000Z,0.01
2022-08-07T10:08:00.000Z,0.01
2022-08-07T10:06:00.000Z,0.01
2022-08-07T10:05:00.000Z,0.01
2022-08-07T09:56:00.000Z,0.01
2022-08-07T09:49:00.000Z,0.01
2022-08-07T09:49:00.000Z,0.01
2022-08-07T09:45:00.000Z,0.01
2022-08-07T09:45:00.000Z,0.01
2022-08-07T09:39:00.000Z,0.01
2022-08-07T09:38:00.000Z,0.01
2022-08-07T09:36:00.000Z,0.01
2022-08-07T09:33:00.000Z,0.01
2022-08-07T09:26:00.000Z,0.01
2022-08-07T09:23:00.000Z,0.01
2022-08-07T09:19:00.000Z,0.01
2022-08-07T09:15:00.000Z,0.01
2022-08-07T09:12:00.000Z,0.01
2022-08-07T09:11:00.000Z,0.01
2022-08-07T09:09:00.000Z,0.01
2022-08-07T09:08:00.000Z,0.01
2022-08-07T08:38:00.000Z,0.01
2022-08-07T08:08:00.000Z,0.01
2022-08-07T07:38:00.000Z,0.01
2022-08-07T07:08:00.000Z,0.0
2022-08-07T06:38:00.000Z,0.0
2022-08-07T06:08:00.000Z,0.0
2022-08-07T05:38:00.000Z,0.0
2022-08-07T05:08:00.000Z,0.01
2022-08-07T04:38:00.000Z,0.01
2022-08-07T03:38:00.000Z,0.01
2022-08-07T03:31:00.000Z,0.01
2022-08-07T03:30:00.000Z,0.01
2022-08-07T03:30:00.000Z,0.01
2022-08-07T03:29:00.000Z,0.0
2022-08-07T03:28:00.000Z,0.0
2022-08-07T03:27:00.000Z,0.01
2022-08-07T03:25:00.000Z,0.01
2022-08-07T03:25:00.000Z,0.01
2022-08-07T03:24:00.000Z,0.01
2022-08-07T03:24:00.000Z,0.01
2022-08-07T03:08:00.000Z,0.01
2022-08-07T03:00:00.000Z,0.01
2022-08-07T02:57:00.000Z,0.01
2022-08-07T02:54:00.000Z,0.01
2022-08-07T02:54:00.000Z,0.01
2022-08-07T02:51:00.000Z,0.01
2022-08-07T02:49:00.000Z,0.01
2022-08-07T02:44:00.000Z,0.01
2022-08-07T02:43:00.000Z,0.01
2022-08-07T02:42:00.000Z,0.01
2022-08-07T02:41:00.000Z,0.01
2022-08-07T02:38:00.000Z,0.01
2022-08-07T02:35:00.000Z,0.01
2022-08-07T02:33:00.000Z,0.01
2022-08-07T02:32:00.000Z,0.01
2022-08-07T02:31:00.000Z,0.01
2022-08-07T02:29:00.000Z,0.01
2022-08-07T02:26:00.000Z,0.01
2022-08-07T02:22:00.000Z,0.01
2022-08-07T02:21:00.000Z,0.01
2022-08-07T02:21:00.000Z,0.01
2022-08-07T02:16:00.000Z,0.01
2022-08-07T02:15:00.000Z,0.01
2022-08-07T02:13:00.000Z,0.01
2022-08-07T02:08:00.000Z,0.01
2022-08-07T02:02:00.000Z,0.01
2022-08-07T02:01:00.000Z,0.01
2022-08-07T01:55:00.000Z,0.01
2022-08-07T01:39:00.000Z,0.01
2022-08-07T01:38:00.000Z,0.01
2022-08-07T01:08:00.000Z,0.01
2022-08-07T00:38:00.000Z,0.01
2022-08-07T00:08:00.000Z,0.01
2022-08-06T23:38:00.000Z,0.01
2022-08-06T22:38:00.000Z,0.01
2022-08-06T22:08:00.000Z,0.01
2022-08-06T21:38:00.000Z,0.02
2022-08-06T21:08:00.000Z,0.01
2022-08-06T20:38:00.000Z,0.01
2022-08-06T20:08:00.000Z,0.01
2022-08-06T19:38:00.000Z,0.01
2022-08-06T19:08:00.000Z,0.02
2022-08-06T18:38:00.000Z,0.02
2022-08-06T17:38:00.000Z,0.02
2022-08-06T16:38:00.000Z,0.02
2022-08-06T16:08:00.000Z,0.01
2022-08-06T15:38:00.000Z,0.01
2022-08-06T15:08:00.000Z,0.01
2022-08-06T14:38:00.000Z,0.01
2022-08-06T14:08:00.000Z,0.01
2022-08-06T13:38:00.000Z,0.01
2022-08-06T13:08:00.000Z,0.01
2022-08-06T12:38:00.000Z,0.01
2022-08-06T12:08:00.000Z,0.0
2022-08-06T11:38:00.000Z,0.0
2022-08-06T11:08:00.000Z,0.0
2022-08-06T10:38:00.000Z,0.0
2022-08-06T09:44:00.000Z,0.0
2022-08-06T09:38:00.000Z,0.0
2022-08-06T09:14:00.000Z,0.0
2022-08-06T09:11:00.000Z,0.0
2022-08-06T09:11:00.000Z,0.0
2022-08-06T09:10:00.000Z,0.0
2022-08-06T09:09:00.000Z,0.0
2022-08-06T09:08:00.000Z,0.0
2022-08-06T09:08:00.000Z,0.0
2022-08-06T09:08:00.000Z,0.0
2022-08-06T09:05:00.000Z,0.0
2022-08-06T09:02:00.000Z,0.0
2022-08-06T08:58:00.000Z,0.0
2022-08-06T08:53:00.000Z,0.0
2022-08-06T08:51:00.000Z,0.0
2022-08-06T08:48:00.000Z,0.0
2022-08-06T08:43:00.000Z,0.0
2022-08-06T08:39:00.000Z,0.0
2022-08-06T08:28:00.000Z,0.0
2022-08-06T08:28:00.000Z,0.0
2022-08-06T08:27:00.000Z,0.0
2022-08-06T08:23:00.000Z,0.0
2022-08-06T08:22:00.000Z,0.0
2022-08-06T08:22:00.000Z,0.0
2022-08-06T08:14:00.000Z,0.0
2022-08-06T08:13:00.000Z,0.0
2022-08-06T08:10:00.000Z,0.0
2022-08-06T08:08:00.000Z,0.0
2022-08-06T08:00:00.000Z,0.0
2022-08-06T07:57:00.000Z,0.0
2022-08-06T07:42:00.000Z,0.0
2022-08-06T07:40:00.000Z,0.0
2022-08-06T07:38:00.000Z,0.0
2022-08-06T07:33:00.000Z,0.0
2022-08-06T07:33:00.000Z,0.0
2022-08-06T07:26:00.000Z,0.0
2022-08-06T07:14:00.000Z,0.0
2022-08-06T07:09:00.000Z,0.0
2022-08-06T07:01:00.000Z,0.0
2022-08-06T06:57:00.000Z,0.0
2022-08-06T06:38:00.000Z,0.0
2022-08-06T05:27:00.000Z,0.0
2022-08-06T05:25:00.000Z,0.0
2022-08-06T05:20:00.000Z,0.0
2022-08-06T05:14:00.000Z,0.0
2022-08-06T05:08:00.000Z,0.0
2022-08-06T04:08:00.000Z,0.0
2022-08-06T03:08:00.000Z,0.0
2022-08-06T02:41:00.000Z,0.0
2022-08-06T02:16:00.000Z,0.0
2022-08-06T02:10:00.000Z,0.0
2022-08-06T02:06:00.000Z,0.0
2022-08-06T02:03:00.000Z,0.0
2022-08-06T02:01:00.000Z,0.0
2022-08-06T01:47:00.000Z,0.0
2022-08-06T01:45:00.000Z,0.0
2022-08-06T01:39:00.000Z,0.0
2022-08-06T01:38:00.000Z,0.0
2022-08-06T00:38:00.000Z,0.01
2022-08-06T00:08:00.000Z,0.01
2022-08-05T23:38:00.000Z,0.01
2022-08-05T23:08:00.000Z,0.01
2022-08-05T22:38:00.000Z,0.01
2022-08-05T22:08:00.000Z,0.01
2022-08-05T21:38:00.000Z,0.02
2022-08-05T21:08:00.000Z,0.02
2022-08-05T20:38:00.000Z,0.02
2022-08-05T19:38:00.000Z,0.02
2022-08-05T19:08:00.000Z,0.02
2022-08-05T18:08:00.000Z,0.02
2022-08-05T17:38:00.000Z,0.02
2022-08-05T17:08:00.000Z,0.02
2022-08-05T15:38:00.000Z,0.02
2022-08-05T15:08:00.000Z,0.02
2022-08-05T14:38:00.000Z,0.01
2022-08-05T14:08:00.000Z,0.02
2022-08-05T13:38:00.000Z,0.02
2022-08-05T13:08:00.000Z,0.02
2022-08-05T12:38:00.000Z,0.02
2022-08-05T12:08:00.000Z,0.01
2022-08-05T12:08:00.000Z,0.01
2022-08-05T11:39:00.000Z,0.01
2022-08-05T11:38:00.000Z,0.01
2022-08-05T11:08:00.000Z,0.01
2022-08-05T10:38:00.000Z,0.01
2022-08-05T10:08:00.000Z,0.01
2022-08-05T09:38:00.000Z,0.0
2022-08-05T09:08:00.000Z,0.0
2022-08-05T08:38:00.000Z,0.0
2022-08-05T08:08:00.000Z,0.0
2022-08-05T07:38:00.000Z,0.0
2022-08-05T06:38:00.000Z,0.0
2022-08-05T06:08:00.000Z,0.0
2022-08-05T04:08:00.000Z,0.0
2022-08-05T03:38:00.000Z,0.0
2022-08-05T03:08:00.000Z,0.01
2022-08-05T02:38:00.000Z,0.01
2022-08-05T02:08:00.000Z,0.01
2022-08-05T01:38:00.000Z,0.01
2022-08-05T01:08:00.000Z,0.02
2022-08-05T00:38:00.000Z,0.02
2022-08-05T00:08:00.000Z,0.02
2022-08-04T23:38:00.000Z,0.02
2022-08-04T23:08:00.000Z,0.02
2022-08-04T22:08:00.000Z,0.02
2022-08-04T21:08:00.000Z,0.02
2022-08-04T20:38:00.000Z,0.02
2022-08-04T20:08:00.000Z,0.02
2022-08-04T19:38:00.000Z,0.02
2022-08-04T19:08:00.000Z,0.02
2022-08-04T18:38:00.000Z,0.02
2022-08-04T18:08:00.000Z,0.02
2022-08-04T17:38:00.000Z,0.02
2022-08-04T17:06:00.000Z,0.02
2022-08-04T16:55:00.000Z,0.02
2022-08-04T16:08:00.000Z,0.02
2022-08-04T15:38:00.000Z,0.02
2022-08-04T15:08:00.000Z,0.02
2022-08-04T14:38:00.000Z,0.01
2022-08-04T13:38:00.000Z,0.01
2022-08-04T13:08:00.000Z,0.01
2022-08-04T12:38:00.000Z,0.01
2022-08-04T12:08:00.000Z,0.01
2022-08-04T11:38:00.000Z,0.02
2022-08-04T11:08:00.000Z,0.02
2022-08-04T10:38:00.000Z,0.01
2022-08-04T10:08:00.000Z,0.01
2022-08-04T09:38:00.000Z,0.01
2022-08-04T09:08:00.000Z,0.0
2022-08-04T08:38:00.000Z,0.0
2022-08-04T08:25:00.000Z,0.0
2022-08-04T08:25:00.000Z,0.0
2022-08-04T08:08:00.000Z,0.0
2022-08-04T07:08:00.000Z,0.0
2022-08-04T06:38:00.000Z,0.0
2022-08-04T06:08:00.000Z,0.0
2022-08-04T05:38:00.000Z,0.0
2022-08-04T04:38:00.000Z,0.0
2022-08-04T04:08:00.000Z,0.0
2022-08-04T03:38:00.000Z,0.01
2022-08-04T03:08:00.000Z,0.02
2022-08-04T02:38:00.000Z,0.02
2022-08-04T02:08:00.000Z,0.02
2022-08-04T01:38:00.000Z,0.01
2022-08-04T01:08:00.000Z,0.02
2022-08-04T00:38:00.000Z,0.03
2022-08-04T00:16:00.000Z,0.03
2022-08-04T00:13:00.000Z,0.03
2022-08-04T00:09:00.000Z,0.03
2022-08-04T00:08:00.000Z,0.03
2022-08-03T23:38:00.000Z,0.03
2022-08-03T23:08:00.000Z,0.03
2022-08-03T22:38:00.000Z,0.03
2022-08-03T22:08:00.000Z,0.04
2022-08-03T21:38:00.000Z,0.04
2022-08-03T21:08:00.000Z,0.04
2022-08-03T20:38:00.000Z,0.04
2022-08-03T20:08:00.000Z,0.04
2022-08-03T19:38:00.000Z,0.05
2022-08-03T19:08:00.000Z,0.05
2022-08-03T18:38:00.000Z,0.05
2022-08-03T18:08:00.000Z,0.05
2022-08-03T17:38:00.000Z,0.06
2022-08-03T17:08:00.000Z,0.06
2022-08-03T16:38:00.000Z,0.06
2022-08-03T16:08:00.000Z,0.06
2022-08-03T15:38:00.000Z,0.06
2022-08-03T15:08:00.000Z,0.05
2022-08-03T14:38:00.000Z,0.05
2022-08-03T14:08:00.000Z,0.05
2022-08-03T13:38:00.000Z,0.05
2022-08-03T13:08:00.000Z,0.05
2022-08-03T12:38:00.000Z,0.04
2022-08-03T12:08:00.000Z,0.04
2022-08-03T11:38:00.000Z,0.03
2022-08-03T11:08:00.000Z,0.03
2022-08-03T10:38:00.000Z,0.02
2022-08-03T10:08:00.000Z,0.02
2022-08-03T09:38:00.000Z,0.01
2022-08-03T09:08:00.000Z,0.01
2022-08-03T08:38:00.000Z,0.01
2022-08-03T08:08:00.000Z,0.01
2022-08-03T07:38:00.000Z,0.0
2022-08-03T07:08:00.000Z,0.0
2022-08-03T06:38:00.000Z,0.01
2022-08-03T06:08:00.000Z,0.01
2022-08-03T05:38:00.000Z,0.01
2022-08-03T05:08:00.000Z,0.01
2022-08-03T04:38:00.000Z,0.01
2022-08-03T04:08:00.000Z,0.02
2022-08-03T03:38:00.000Z,0.03
2022-08-03T03:08:00.000Z,0.04
2022-08-03T02:38:00.000Z,0.04
2022-08-03T02:08:00.000Z,0.05
2022-08-03T01:38:00.000Z,0.05
2022-08-03T01:08:00.000Z,0.05
2022-08-03T00:09:00.000Z,0.05
2022-08-02T23:38:00.000Z,0.05
2022-08-02T23:08:00.000Z,0.05
2022-08-02T21:38:00.000Z,0.05
2022-08-02T21:08:00.000Z,0.05
2022-08-02T20:38:00.000Z,0.05
2022-08-02T20:08:00.000Z,0.05
2022-08-02T19:38:00.000Z,0.05
2022-08-02T19:08:00.000Z,0.06
2022-08-02T18:38:00.000Z,0.06
2022-08-02T18:08:00.000Z,0.06
2022-08-02T17:37:00.000Z,0.06
2022-08-02T17:23:00.000Z,0.06
2022-08-02T17:17:00.000Z,0.06
2022-08-02T17:13:00.000Z,0.06
2022-08-02T17:08:00.000Z,0.06
2022-08-02T16:44:00.000Z,0.06
2022-08-02T16:38:00.000Z,0.05
2022-08-02T16:08:00.000Z,0.06
2022-08-02T15:38:00.000Z,0.06
2022-08-02T15:08:00.000Z,0.06
2022-08-02T14:38:00.000Z,0.05
2022-08-02T14:08:00.000Z,0.05
2022-08-02T13:33:00.000Z,0.05
2022-08-02T13:11:00.000Z,0.05
2022-08-02T13:05:00.000Z,0.05
2022-08-02T12:56:00.000Z,0.05
2022-08-02T12:41:00.000Z,0.05
2022-08-02T12:40:00.000Z,0.05
2022-08-02T12:38:00.000Z,0.05
2022-08-02T12:38:00.000Z,0.05
2022-08-02T12:20:00.000Z,0.05
2022-08-02T12:14:00.000Z,0.05
2022-08-02T12:14:00.000Z,0.05
2022-08-02T12:12:00.000Z,0.05
2022-08-02T12:12:00.000Z,0.05
2022-08-02T12:08:00.000Z,0.04
2022-08-02T11:58:00.000Z,0.04
2022-08-02T11:50:00.000Z,0.04
2022-08-02T11:38:00.000Z,0.04
2022-08-02T11:08:00.000Z,0.03
2022-08-02T10:38:00.000Z,0.03
2022-08-02T10:09:00.000Z,0.02
2022-08-02T09:38:00.000Z,0.01
2022-08-02T08:08:00.000Z,0.0
2022-08-02T07:38:00.000Z,0.01
2022-08-02T07:08:00.000Z,0.0
2022-08-02T06:38:00.000Z,0.0
2022-08-02T06:08:00.000Z,0.0
2022-08-02T05:38:00.000Z,0.01
2022-08-02T05:08:00.000Z,0.01
2022-08-02T04:38:00.000Z,0.01
2022-08-02T04:08:00.000Z,0.02
2022-08-02T03:38:00.000Z,0.03
2022-08-02T03:08:00.000Z,0.03
2022-08-02T02:46:00.000Z,0.03
2022-08-02T02:45:00.000Z,0.04
2022-08-02T02:12:00.000Z,0.04
2022-08-02T02:10:00.000Z,0.04
2022-08-02T02:08:00.000Z,0.04
2022-08-02T01:38:00.000Z,0.05
2022-08-02T01:08:00.000Z,0.05
2022-08-02T00:38:00.000Z,0.04
2022-08-02T00:08:00.000Z,0.05
2022-08-01T23:38:00.000Z,0.05
2022-08-01T23:08:00.000Z,0.05
2022-08-01T22:38:00.000Z,0.05
2022-08-01T22:08:00.000Z,0.05
2022-08-01T21:38:00.000Z,0.05
2022-08-01T20:38:00.000Z,0.06
2022-08-01T20:08:00.000Z,0.06
2022-08-01T19:38:00.000Z,0.06
2022-08-01T19:08:00.000Z,0.06
2022-08-01T18:43:00.000Z,0.06
2022-08-01T18:38:00.000Z,0.06
2022-08-01T18:38:00.000Z,0.06
2022-08-01T18:08:00.000Z,0.06
2022-08-01T17:38:00.000Z,0.07
2022-08-01T17:08:00.000Z,0.07
2022-08-01T16:38:00.000Z,0.07
2022-08-01T16:08:00.000Z,0.07
2022-08-01T15:38:00.000Z,0.07
2022-08-01T15:08:00.000Z,0.06
2022-08-01T14:38:00.000Z,0.07
2022-08-01T14:08:00.000Z,0.07
2022-08-01T13:38:00.000Z,0.06
2022-08-01T13:08:00.000Z,0.06
2022-08-01T12:38:00.000Z,0.06
2022-08-01T11:38:00.000Z,0.05
2022-08-01T11:08:00.000Z,0.04
2022-08-01T10:38:00.000Z,0.03
2022-08-01T10:20:00.000Z,0.02
2022-08-01T10:08:00.000Z,0.02
2022-08-01T09:38:00.000Z,0.01
2022-08-01T09:08:00.000Z,0.0
2022-08-01T08:40:00.000Z,0.0
2022-08-01T08:38:00.000Z,0.0
2022-08-01T08:08:00.000Z,0.0
2022-08-01T07:38:00.000Z,0.0
2022-08-01T07:08:00.000Z,0.0
2022-08-01T06:08:00.000Z,0.0
2022-08-01T06:08:00.000Z,0.0
2022-08-01T05:38:00.000Z,0.0
2022-08-01T05:08:00.000Z,0.0
2022-08-01T04:38:00.000Z,0.01
2022-08-01T04:11:00.000Z,0.01
2022-08-01T04:10:00.000Z,0.01
2022-08-01T04:08:00.000Z,0.01
2022-08-01T04:07:00.000Z,0.01
2022-08-01T04:06:00.000Z,0.01
2022-08-01T04:06:00.000Z,0.01
2022-08-01T04:03:00.000Z,0.01
2022-08-01T04:03:00.000Z,0.01
2022-08-01T04:02:00.000Z,0.01
2022-08-01T03:59:00.000Z,0.01
2022-08-01T03:59:00.000Z,0.01
2022-08-01T03:57:00.000Z,0.02
2022-08-01T03:56:00.000Z,0.02
2022-08-01T03:54:00.000Z,0.02
2022-08-01T03:52:00.000Z,0.02
2022-08-01T03:51:00.000Z,0.02
2022-08-01T03:51:00.000Z,0.02
2022-08-01T03:50:00.000Z,0.01
2022-08-01T03:49:00.000Z,0.01
2022-08-01T03:48:00.000Z,0.01
2022-08-01T03:46:00.000Z,0.01
2022-08-01T03:44:00.000Z,0.01
2022-08-01T03:40:00.000Z,0.02
2022-08-01T03:38:00.000Z,0.02
2022-08-01T03:34:00.000Z,0.02
2022-08-01T03:33:00.000Z,0.02
2022-08-01T03:29:00.000Z,0.02
2022-08-01T03:29:00.000Z,0.02
2022-08-01T03:27:00.000Z,0.02
2022-08-01T03:23:00.000Z,0.02
2022-08-01T03:22:00.000Z,0.02
2022-08-01T03:08:00.000Z,0.02
2022-08-01T03:06:00.000Z,0.02
2022-08-01T03:06:00.000Z,0.02
2022-08-01T03:04:00.000Z,0.02
2022-08-01T03:04:00.000Z,0.02
2022-08-01T03:04:00.000Z,0.02
2022-08-01T03:03:00.000Z,0.02
2022-08-01T03:02:00.000Z,0.02
2022-08-01T03:01:00.000Z,0.03
2022-08-01T02:59:00.000Z,0.03
2022-08-01T02:59:00.000Z,0.03
2022-08-01T02:57:00.000Z,0.03
2022-08-01T02:56:00.000Z,0.03
2022-08-01T02:56:00.000Z,0.03
2022-08-01T02:55:00.000Z,0.03
2022-08-01T02:53:00.000Z,0.03
2022-08-01T02:52:00.000Z,0.03
2022-08-01T02:51:00.000Z,0.03
2022-08-01T02:48:00.000Z,0.03
2022-08-01T02:47:00.000Z,0.03
2022-08-01T02:46:00.000Z,0.03
2022-08-01T02:46:00.000Z,0.03
2022-08-01T02:43:00.000Z,0.03
2022-08-01T02:39:00.000Z,0.03
2022-08-01T02:38:00.000Z,0.03
2022-08-01T02:38:00.000Z,0.03
2022-08-01T02:08:00.000Z,0.03
2022-08-01T01:38:00.000Z,0.03
2022-08-01T01:08:00.000Z,0.03
2022-08-01T00:38:00.000Z,0.03
2022-08-01T00:08:00.000Z,0.03
2022-07-31T23:38:00.000Z,0.04
2022-07-31T23:21:00.000Z,0.04
2022-07-31T23:12:00.000Z,0.04
2022-07-31T22:38:00.000Z,0.04
2022-07-31T22:08:00.000Z,0.04
2022-07-31T21:38:00.000Z,0.04
2022-07-31T21:14:00.000Z,0.05
2022-07-31T21:11:00.000Z,0.05
2022-07-31T21:11:00.000Z,0.05
2022-07-31T21:11:00.000Z,0.05
2022-07-31T21:08:00.000Z,0.05
2022-07-31T20:38:00.000Z,0.05
2022-07-31T20:08:00.000Z,0.05
2022-07-31T19:38:00.000Z,0.05
2022-07-31T19:08:00.000Z,0.05
2022-07-31T18:38:00.000Z,0.06
2022-07-31T18:08:00.000Z,0.05
2022-07-31T17:38:00.000Z,0.06
2022-07-31T17:08:00.000Z,0.06
2022-07-31T16:38:00.000Z,0.06
2022-07-31T16:08:00.000Z,0.06
2022-07-31T15:38:00.000Z,0.06
2022-07-31T15:08:00.000Z,0.05
2022-07-31T14:39:00.000Z,0.06
2022-07-31T14:38:00.000Z,0.06
2022-07-31T14:08:00.000Z,0.05
2022-07-31T13:38:00.000Z,0.05
2022-07-31T13:08:00.000Z,0.04
2022-07-31T12:38:00.000Z,0.04
2022-07-31T12:08:00.000Z,0.03
2022-07-31T11:38:00.000Z,0.03
2022-07-31T11:08:00.000Z,0.02
2022-07-31T10:38:00.000Z,0.01
2022-07-31T10:08:00.000Z,0.01
2022-07-31T09:38:00.000Z,0.0
2022-07-31T09:08:00.000Z,0.0
2022-07-31T08:38:00.000Z,0.0
2022-07-31T08:08:00.000Z,0.0
2022-07-31T07:38:00.000Z,0.0
2022-07-31T06:38:00.000Z,0.0
2022-07-31T05:38:00.000Z,0.0
2022-07-31T05:35:00.000Z,0.0
2022-07-31T05:08:00.000Z,0.0
2022-07-31T04:41:00.000Z,0.0
2022-07-31T04:38:00.000Z,0.0
2022-07-31T04:08:00.000Z,0.0
2022-07-31T03:38:00.000Z,0.0
2022-07-31T03:08:00.000Z,0.01
2022-07-31T02:38:00.000Z,0.01
2022-07-31T02:08:00.000Z,0.01
2022-07-31T01:38:00.000Z,0.01
2022-07-31T01:08:00.000Z,0.01
2022-07-31T00:38:00.000Z,0.02
2022-07-31T00:08:00.000Z,0.02
2022-07-30T23:38:00.000Z,0.02
2022-07-30T23:08:00.000Z,0.02
2022-07-30T22:38:00.000Z,0.02
2022-07-30T22:08:00.000Z,0.02
2022-07-30T21:38:00.000Z,0.03
2022-07-30T21:08:00.000Z,0.03
2022-07-30T20:38:00.000Z,0.04
2022-07-30T20:08:00.000Z,0.04
2022-07-30T19:38:00.000Z,0.04
2022-07-30T19:15:00.000Z,0.05
2022-07-30T19:08:00.000Z,0.05
2022-07-30T18:38:00.000Z,0.05
2022-07-30T18:08:00.000Z,0.05
2022-07-30T17:38:00.000Z,0.06
2022-07-30T17:08:00.000Z,0.05
2022-07-30T16:38:00.000Z,0.05
2022-07-30T16:08:00.000Z,0.05
2022-07-30T15:38:00.000Z,0.05
2022-07-30T15:08:00.000Z,0.05
2022-07-30T14:38:00.000Z,0.05
2022-07-30T14:08:00.000Z,0.04
2022-07-30T13:38:00.000Z,0.04
2022-07-30T13:08:00.000Z,0.03
2022-07-30T12:38:00.000Z,0.02
2022-07-30T12:08:00.000Z,0.02
2022-07-30T11:38:00.000Z,0.02
2022-07-30T11:08:00.000Z,0.01
2022-07-30T10:38:00.000Z,0.01
2022-07-30T10:08:00.000Z,0.0
2022-07-30T09:38:00.000Z,0.0
2022-07-30T09:08:00.000Z,0.0
2022-07-30T08:38:00.000Z,0.0
2022-07-30T07:38:00.000Z,0.0
2022-07-30T07:08:00.000Z,0.0
2022-07-30T06:08:00.000Z,0.0
2022-07-30T05:08:00.000Z,0.0
2022-07-30T04:52:00.000Z,0.0
2022-07-30T04:52:00.000Z,0.01
2022-07-30T04:38:00.000Z,0.01
2022-07-30T04:08:00.000Z,0.01
2022-07-30T03:38:00.000Z,0.01
2022-07-30T03:08:00.000Z,0.01
2022-07-30T02:38:00.000Z,0.01
2022-07-30T02:22:00.000Z,0.01
2022-07-30T02:22:00.000Z,0.02
2022-07-30T01:39:00.000Z,0.02
2022-07-30T01:15:00.000Z,0.02
2022-07-30T01:09:00.000Z,0.02
2022-07-30T00:38:00.000Z,0.02
2022-07-30T00:08:00.000Z,0.02
2022-07-29T23:38:00.000Z,0.02
2022-07-29T22:38:00.000Z,0.02
2022-07-29T22:08:00.000Z,0.03
2022-07-29T21:08:00.000Z,0.03
2022-07-29T20:38:00.000Z,0.03
2022-07-29T20:08:00.000Z,0.03
2022-07-29T19:38:00.000Z,0.04
2022-07-29T19:08:00.000Z,0.04
2022-07-29T18:38:00.000Z,0.04
2022-07-29T18:08:00.000Z,0.04
2022-07-29T17:49:00.000Z,0.04
2022-07-29T17:45:00.000Z,0.04
2022-07-29T17:39:00.000Z,0.04
2022-07-29T17:38:00.000Z,0.05
2022-07-29T17:08:00.000Z,0.05
2022-07-29T16:38:00.000Z,0.05
2022-07-29T16:08:00.000Z,0.05
2022-07-29T15:38:00.000Z,0.05
2022-07-29T15:16:00.000Z,0.05
2022-07-29T15:12:00.000Z,0.05
2022-07-29T15:09:00.000Z,0.05
2022-07-29T15:08:00.000Z,0.05
2022-07-29T14:38:00.000Z,0.05
2022-07-29T14:08:00.000Z,0.05
2022-07-29T13:38:00.000Z,0.05
2022-07-29T13:08:00.000Z,0.05
2022-07-29T12:38:00.000Z,0.04
2022-07-29T12:08:00.000Z,0.04
2022-07-29T11:38:00.000Z,0.03
2022-07-29T11:08:00.000Z,0.02
2022-07-29T10:38:00.000Z,0.02
2022-07-29T10:08:00.000Z,0.01
2022-07-29T09:38:00.000Z,0.0
2022-07-29T09:08:00.000Z,0.0
2022-07-29T08:38:00.000Z,0.0
2022-07-29T08:08:00.000Z,0.0
2022-07-29T07:38:00.000Z,0.0
2022-07-29T07:08:00.000Z,0.0
2022-07-29T06:38:00.000Z,0.0
2022-07-29T06:08:00.000Z,0.0
2022-07-29T05:38:00.000Z,0.0
2022-07-29T05:08:00.000Z,0.0
2022-07-29T04:38:00.000Z,0.0
2022-07-29T04:08:00.000Z,0.01
2022-07-29T03:38:00.000Z,0.01
2022-07-29T03:38:00.000Z,0.01
2022-07-29T03:28:00.000Z,0.01
2022-07-29T03:15:00.000Z,0.01
2022-07-29T03:08:00.000Z,0.02
2022-07-29T02:53:00.000Z,0.02
2022-07-29T02:48:00.000Z,0.02
2022-07-29T02:38:00.000Z,0.02
2022-07-29T02:08:00.000Z,0.02
2022-07-29T01:38:00.000Z,0.02
2022-07-29T01:08:00.000Z,0.02
2022-07-29T00:38:00.000Z,0.02
2022-07-28T23:38:00.000Z,0.02
2022-07-28T23:08:00.000Z,0.03
2022-07-28T21:38:00.000Z,0.03
2022-07-28T21:08:00.000Z,0.03
2022-07-28T20:38:00.000Z,0.03
2022-07-28T20:08:00.000Z,0.03
2022-07-28T19:38:00.000Z,0.03
2022-07-28T19:08:00.000Z,0.03
2022-07-28T18:38:00.000Z,0.04
2022-07-28T18:08:00.000Z,0.04
2022-07-28T17:38:00.000Z,0.04
2022-07-28T17:08:00.000Z,0.04
2022-07-28T16:38:00.000Z,0.04
2022-07-28T16:08:00.000Z,0.04
2022-07-28T15:38:00.000Z,0.04
2022-07-28T15:08:00.000Z,0.04
2022-07-28T14:38:00.000Z,0.04
2022-07-28T14:08:00.000Z,0.04
2022-07-28T13:38:00.000Z,0.03
2022-07-28T13:08:00.000Z,0.03
2022-07-28T12:38:00.000Z,0.03
2022-07-28T12:08:00.000Z,0.02
2022-07-28T11:46:00.000Z,0.02
2022-07-28T11:38:00.000Z,0.02
2022-07-28T11:08:00.000Z,0.01
2022-07-28T10:38:00.000Z,0.01
2022-07-28T10:08:00.000Z,0.0
2022-07-28T09:38:00.000Z,0.0
2022-07-28T09:08:00.000Z,0.0
2022-07-28T06:08:00.000Z,0.0
2022-07-28T05:38:00.000Z,0.0
2022-07-28T05:08:00.000Z,0.0
2022-07-28T04:38:00.000Z,0.0
2022-07-28T04:08:00.000Z,0.0
2022-07-28T03:38:00.000Z,0.0
2022-07-28T03:08:00.000Z,0.0
2022-07-28T02:38:00.000Z,0.0
2022-07-28T02:08:00.000Z,0.01
2022-07-28T01:38:00.000Z,0.01
2022-07-28T01:08:00.000Z,0.01
2022-07-28T00:38:00.000Z,0.01
2022-07-28T00:08:00.000Z,0.02
2022-07-27T23:38:00.000Z,0.01
2022-07-27T23:08:00.000Z,0.01
2022-07-27T22:38:00.000Z,0.01
2022-07-27T22:08:00.000Z,0.01
2022-07-27T21:38:00.000Z,0.01
2022-07-27T21:08:00.000Z,0.01
2022-07-27T20:38:00.000Z,0.01
2022-07-27T20:08:00.000Z,0.01
2022-07-27T19:38:00.000Z,0.01
2022-07-27T19:08:00.000Z,0.02
2022-07-27T18:38:00.000Z,0.02
2022-07-27T17:38:00.000Z,0.01
2022-07-27T17:08:00.000Z,0.02
2022-07-27T16:38:00.000Z,0.02
2022-07-27T16:08:00.000Z,0.02
2022-07-27T15:38:00.000Z,0.02
2022-07-27T15:08:00.000Z,0.02
2022-07-27T14:38:00.000Z,0.02
2022-07-27T14:08:00.000Z,0.01
2022-07-27T13:38:00.000Z,0.01
2022-07-27T13:08:00.000Z,0.0
2022-07-27T12:38:00.000Z,0.01
2022-07-27T12:08:00.000Z,0.01
2022-07-27T11:38:00.000Z,0.0
2022-07-27T11:08:00.000Z,0.0
2022-07-27T10:38:00.000Z,0.0
2022-07-27T10:08:00.000Z,0.0
2022-07-27T09:38:00.000Z,0.0
2022-07-27T09:08:00.000Z,0.0
2022-07-27T08:08:00.000Z,0.0
2022-07-27T07:59:00.000Z,0.0
2022-07-27T07:50:00.000Z,0.0
2022-07-27T07:48:00.000Z,0.0
2022-07-27T07:46:00.000Z,0.0
2022-07-27T07:46:00.000Z,0.0
2022-07-27T07:44:00.000Z,0.0
2022-07-27T07:44:00.000Z,0.0
2022-07-27T07:43:00.000Z,0.0
2022-07-27T07:38:00.000Z,0.0
2022-07-27T07:31:00.000Z,0.0
2022-07-27T07:31:00.000Z,0.0
2022-07-27T07:30:00.000Z,0.0
2022-07-27T07:29:00.000Z,0.0
2022-07-27T07:28:00.000Z,0.0
2022-07-27T07:27:00.000Z,0.0
2022-07-27T07:27:00.000Z,0.0
2022-07-27T07:25:00.000Z,0.0
2022-07-27T07:23:00.000Z,0.0
2022-07-27T07:22:00.000Z,0.0
2022-07-27T07:22:00.000Z,0.0
2022-07-27T07:18:00.000Z,0.0
2022-07-27T07:18:00.000Z,0.0
2022-07-27T07:17:00.000Z,0.0
2022-07-27T07:15:00.000Z,0.0
2022-07-27T07:14:00.000Z,0.0
2022-07-27T07:11:00.000Z,0.0
2022-07-27T07:10:00.000Z,0.0
2022-07-27T07:09:00.000Z,0.0
2022-07-27T07:09:00.000Z,0.0
2022-07-27T07:00:00.000Z,0.0
2022-07-27T06:51:00.000Z,0.0
2022-07-27T06:51:00.000Z,0.0
2022-07-27T06:48:00.000Z,0.0
2022-07-27T06:47:00.000Z,0.0
2022-07-27T06:46:00.000Z,0.0
2022-07-27T06:43:00.000Z,0.0
2022-07-27T06:43:00.000Z,0.0
2022-07-27T06:42:00.000Z,0.0
2022-07-27T06:39:00.000Z,0.0
2022-07-27T06:38:00.000Z,0.0
2022-07-27T06:36:00.000Z,0.0
2022-07-27T06:35:00.000Z,0.0
2022-07-27T06:35:00.000Z,0.0
2022-07-27T06:33:00.000Z,0.0
2022-07-27T06:33:00.000Z,0.0
2022-07-27T06:31:00.000Z,0.0
2022-07-27T06:27:00.000Z,0.0
2022-07-27T06:08:00.000Z,0.0
2022-07-27T05:38:00.000Z,0.0
2022-07-27T05:38:00.000Z,0.0
2022-07-27T05:26:00.000Z,0.0
2022-07-27T05:10:00.000Z,0.0
2022-07-27T05:08:00.000Z,0.0
2022-07-27T04:38:00.000Z,0.0
2022-07-27T04:08:00.000Z,0.0
2022-07-27T03:38:00.000Z,0.0
2022-07-27T03:08:00.000Z,0.0
2022-07-27T02:38:00.000Z,0.0
2022-07-27T02:08:00.000Z,0.0
2022-07-27T01:59:00.000Z,0.01
2022-07-27T01:38:00.000Z,0.01
2022-07-27T01:08:00.000Z,0.01
2022-07-27T00:38:00.000Z,0.01
2022-07-27T00:11:00.000Z,0.02
2022-07-27T00:08:00.000Z,0.02
2022-07-26T23:38:00.000Z,0.02
2022-07-26T23:11:00.000Z,0.02
2022-07-26T23:08:00.000Z,0.02
2022-07-26T22:38:00.000Z,0.02
2022-07-26T22:08:00.000Z,0.02
2022-07-26T21:38:00.000Z,0.02
2022-07-26T21:08:00.000Z,0.02
2022-07-26T20:42:00.000Z,0.02
2022-07-26T20:38:00.000Z,0.02
2022-07-26T20:25:00.000Z,0.02
2022-07-26T20:16:00.000Z,0.02
2022-07-26T20:08:00.000Z,0.02
2022-07-26T19:38:00.000Z,0.02
2022-07-26T19:08:00.000Z,0.02
2022-07-26T18:38:00.000Z,0.02
2022-07-26T18:08:00.000Z,0.02
2022-07-26T17:38:00.000Z,0.02
2022-07-26T17:38:00.000Z,0.02
2022-07-26T17:08:00.000Z,0.02
2022-07-26T16:47:00.000Z,0.02
2022-07-26T16:42:00.000Z,0.02
2022-07-26T16:42:00.000Z,0.02
2022-07-26T16:08:00.000Z,0.02
2022-07-26T15:38:00.000Z,0.03
2022-07-26T15:08:00.000Z,0.02
2022-07-26T14:38:00.000Z,0.03
2022-07-26T14:08:00.000Z,0.02
2022-07-26T13:38:00.000Z,0.02
2022-07-26T13:09:00.000Z,0.02
2022-07-26T13:08:00.000Z,0.02
2022-07-26T12:38:00.000Z,0.02
2022-07-26T12:08:00.000Z,0.02
2022-07-26T11:38:00.000Z,0.01
2022-07-26T11:08:00.000Z,0.01
2022-07-26T10:39:00.000Z,0.0
2022-07-26T10:08:00.000Z,0.0
2022-07-26T09:39:00.000Z,0.0
2022-07-26T09:38:00.000Z,0.0
2022-07-26T09:08:00.000Z,0.0
2022-07-26T08:38:00.000Z,0.0
2022-07-26T08:08:00.000Z,0.0
2022-07-26T07:45:00.000Z,0.0
2022-07-26T07:45:00.000Z,0.0
2022-07-26T07:44:00.000Z,0.0
2022-07-26T07:43:00.000Z,0.0
2022-07-26T07:38:00.000Z,0.0
2022-07-26T07:28:00.000Z,0.0
2022-07-26T07:25:00.000Z,0.0
2022-07-26T07:23:00.000Z,0.0
2022-07-26T07:22:00.000Z,0.0
2022-07-26T07:20:00.000Z,0.0
2022-07-26T07:19:00.000Z,0.0
2022-07-26T07:19:00.000Z,0.0
2022-07-26T07:18:00.000Z,0.0
2022-07-26T07:17:00.000Z,0.0
2022-07-26T07:16:00.000Z,0.0
2022-07-26T07:15:00.000Z,0.0
2022-07-26T07:13:00.000Z,0.0
2022-07-26T07:13:00.000Z,0.0
2022-07-26T07:12:00.000Z,0.0
2022-07-26T07:11:00.000Z,0.0
2022-07-26T07:10:00.000Z,0.0
2022-07-26T07:09:00.000Z,0.0
2022-07-26T06:08:00.000Z,0.0
2022-07-26T05:38:00.000Z,0.0
2022-07-26T05:08:00.000Z,0.0
2022-07-26T04:08:00.000Z,0.0
2022-07-26T03:38:00.000Z,0.0
2022-07-26T03:09:00.000Z,0.0
2022-07-26T03:08:00.000Z,0.0
2022-07-26T02:38:00.000Z,0.0
2022-07-26T02:08:00.000Z,0.0
2022-07-26T01:38:00.000Z,0.0
2022-07-26T01:08:00.000Z,0.01
2022-07-26T00:38:00.000Z,0.01
2022-07-26T00:08:00.000Z,0.01
2022-07-25T23:38:00.000Z,0.01
2022-07-25T23:08:00.000Z,0.01
2022-07-25T22:08:00.000Z,0.01
2022-07-25T21:40:00.000Z,0.0
2022-07-25T21:38:00.000Z,0.01
2022-07-25T21:08:00.000Z,0.01
2022-07-25T20:38:00.000Z,0.01
2022-07-25T20:08:00.000Z,0.01
2022-07-25T19:38:00.000Z,0.01
2022-07-25T19:08:00.000Z,0.01
2022-07-25T18:38:00.000Z,0.01
2022-07-25T18:08:00.000Z,0.02
2022-07-25T17:38:00.000Z,0.02
2022-07-25T17:08:00.000Z,0.03
2022-07-25T16:38:00.000Z,0.02
2022-07-25T16:08:00.000Z,0.02
2022-07-25T15:38:00.000Z,0.03
2022-07-25T15:08:00.000Z,0.03
2022-07-25T14:38:00.000Z,0.03
2022-07-25T14:08:00.000Z,0.03
2022-07-25T13:38:00.000Z,0.02
2022-07-25T13:08:00.000Z,0.01
2022-07-25T12:38:00.000Z,0.01
2022-07-25T12:11:00.000Z,0.01
2022-07-25T12:08:00.000Z,0.01
2022-07-25T11:38:00.000Z,0.01
2022-07-25T11:08:00.000Z,0.0
2022-07-25T10:38:00.000Z,0.0
2022-07-25T10:08:00.000Z,0.0
2022-07-25T09:38:00.000Z,0.0
2022-07-25T08:38:00.000Z,0.0
2022-07-25T08:08:00.000Z,0.0
2022-07-25T07:38:00.000Z,0.0
2022-07-25T07:08:00.000Z,0.0
2022-07-25T06:08:00.000Z,0.0
2022-07-25T05:38:00.000Z,0.0
2022-07-25T05:08:00.000Z,0.0
2022-07-25T04:38:00.000Z,0.0
2022-07-25T04:08:00.000Z,0.0
2022-07-25T04:08:00.000Z,0.0
2022-07-25T03:38:00.000Z,0.0
2022-07-25T03:08:00.000Z,0.0
2022-07-25T02:38:00.000Z,0.0
2022-07-25T02:08:00.000Z,0.0
2022-07-25T01:38:00.000Z,0.0
2022-07-25T01:08:00.000Z,0.0
2022-07-25T00:38:00.000Z,0.01
2022-07-25T00:08:00.000Z,0.01
2022-07-24T23:38:00.000Z,0.0
2022-07-24T23:08:00.000Z,0.0
2022-07-24T22:38:00.000Z,0.01
2022-07-24T22:08:00.000Z,0.01
2022-07-24T21:38:00.000Z,0.01
2022-07-24T21:08:00.000Z,0.02
2022-07-24T20:38:00.000Z,0.02
2022-07-24T20:08:00.000Z,0.03
2022-07-24T19:38:00.000Z,0.03
2022-07-24T19:08:00.000Z,0.04
2022-07-24T18:38:00.000Z,0.04
2022-07-24T18:08:00.000Z,0.04
2022-07-24T17:38:00.000Z,0.04
2022-07-24T17:08:00.000Z,0.03
2022-07-24T16:38:00.000Z,0.02
2022-07-24T16:08:00.000Z,0.01
2022-07-24T15:38:00.000Z,0.01
2022-07-24T15:08:00.000Z,0.02
2022-07-24T14:38:00.000Z,0.03
2022-07-24T14:08:00.000Z,0.03
2022-07-24T13:38:00.000Z,0.02
2022-07-24T13:08:00.000Z,0.02
2022-07-24T12:38:00.000Z,0.01
2022-07-24T12:08:00.000Z,0.01
2022-07-24T12:08:00.000Z,0.01
2022-07-24T11:38:00.000Z,0.0
2022-07-24T11:08:00.000Z,0.0
2022-07-24T10:38:00.000Z,0.0
2022-07-24T10:08:00.000Z,0.0
2022-07-24T09:38:00.000Z,0.0
2022-07-24T09:08:00.000Z,0.0
2022-07-24T08:38:00.000Z,0.0
2022-07-24T07:38:00.000Z,0.0
2022-07-24T07:08:00.000Z,0.0
2022-07-24T06:38:00.000Z,0.0
2022-07-24T05:08:00.000Z,0.0
2022-07-24T04:38:00.000Z,0.0
2022-07-24T04:08:00.000Z,0.0
2022-07-24T03:38:00.000Z,0.0
2022-07-24T03:08:00.000Z,0.0
2022-07-24T02:38:00.000Z,0.0
2022-07-24T02:08:00.000Z,0.0
2022-07-24T01:38:00.000Z,0.0
2022-07-24T01:08:00.000Z,0.0
2022-07-24T00:38:00.000Z,0.0
2022-07-24T00:08:00.000Z,0.0
2022-07-23T23:38:00.000Z,0.0
2022-07-23T23:08:00.000Z,0.0
2022-07-23T22:38:00.000Z,0.01
2022-07-23T22:08:00.000Z,0.0
2022-07-23T21:38:00.000Z,0.0
2022-07-23T21:08:00.000Z,0.01
2022-07-23T20:38:00.000Z,0.01
2022-07-23T20:08:00.000Z,0.02
2022-07-23T19:38:00.000Z,0.02
2022-07-23T19:08:00.000Z,0.01
2022-07-23T18:38:00.000Z,0.01
2022-07-23T18:08:00.000Z,0.01
2022-07-23T17:38:00.000Z,0.01
2022-07-23T17:08:00.000Z,0.02
2022-07-23T16:38:00.000Z,0.02
2022-07-23T16:08:00.000Z,0.01
2022-07-23T15:38:00.000Z,0.03
2022-07-23T15:08:00.000Z,0.01
2022-07-23T14:38:00.000Z,0.0
2022-07-23T14:08:00.000Z,0.01
2022-07-23T13:38:00.000Z,0.0
2022-07-23T13:08:00.000Z,0.0
2022-07-23T12:38:00.000Z,0.01
2022-07-23T12:08:00.000Z,0.0
2022-07-23T11:38:00.000Z,0.0
2022-07-23T11:08:00.000Z,0.0
2022-07-23T10:38:00.000Z,0.0
2022-07-23T09:38:00.000Z,0.0
2022-07-23T09:08:00.000Z,-0.01
2022-07-23T08:38:00.000Z,0.0
2022-07-23T08:08:00.000Z,-0.01
2022-07-23T07:08:00.000Z,0.0
2022-07-23T06:38:00.000Z,-0.01
2022-07-23T06:08:00.000Z,-0.01
2022-07-23T05:38:00.000Z,-0.01
2022-07-23T05:08:00.000Z,-0.01
2022-07-23T04:38:00.000Z,0.0
2022-07-23T04:08:00.000Z,0.0
2022-07-23T03:38:00.000Z,0.0
2022-07-23T03:29:00.000Z,0.0
2022-07-23T03:26:00.000Z,0.0
2022-07-23T03:22:00.000Z,0.0
2022-07-23T03:16:00.000Z,0.0
2022-07-23T03:13:00.000Z,0.0
2022-07-23T03:11:00.000Z,0.0
2022-07-23T03:09:00.000Z,0.0
2022-07-23T03:09:00.000Z,0.0
2022-07-23T03:08:00.000Z,0.0
2022-07-23T03:08:00.000Z,0.0
2022-07-23T03:08:00.000Z,0.0
2022-07-23T02:38:00.000Z,0.0
2022-07-23T02:08:00.000Z,0.0
2022-07-23T01:38:00.000Z,0.0
2022-07-23T01:08:00.000Z,0.0
2022-07-23T00:38:00.000Z,0.0
2022-07-23T00:08:00.000Z,0.01
2022-07-22T23:38:00.000Z,0.01
2022-07-22T23:08:00.000Z,0.01
2022-07-22T22:38:00.000Z,0.02
2022-07-22T22:08:00.000Z,0.01
2022-07-22T21:38:00.000Z,0.02
2022-07-22T21:08:00.000Z,0.03
2022-07-22T20:38:00.000Z,0.03
2022-07-22T20:08:00.000Z,0.03
2022-07-22T19:38:00.000Z,0.03
2022-07-22T19:08:00.000Z,0.02
2022-07-22T18:38:00.000Z,0.01
2022-07-22T18:08:00.000Z,0.02
2022-07-22T17:38:00.000Z,0.04
2022-07-22T17:08:00.000Z,0.04
2022-07-22T16:38:00.000Z,0.03
2022-07-22T16:08:00.000Z,0.02
2022-07-22T15:38:00.000Z,0.01
2022-07-22T15:08:00.000Z,0.0
2022-07-22T14:38:00.000Z,0.0
2022-07-22T14:08:00.000Z,0.01
2022-07-22T13:38:00.000Z,0.02
2022-07-22T13:08:00.000Z,0.01
2022-07-22T12:38:00.000Z,0.0
2022-07-22T12:25:00.000Z,0.0
2022-07-22T12:08:00.000Z,0.01
2022-07-22T11:38:00.000Z,0.0
2022-07-22T11:08:00.000Z,0.0
2022-07-22T10:38:00.000Z,0.0
2022-07-22T10:08:00.000Z,0.0
2022-07-22T09:38:00.000Z,-0.01
2022-07-22T09:20:00.000Z,-0.01
2022-07-22T09:13:00.000Z,-0.01
2022-07-22T09:12:00.000Z,-0.01
2022-07-22T09:07:00.000Z,-0.01
2022-07-22T08:59:00.000Z,-0.01
2022-07-22T08:51:00.000Z,-0.01
2022-07-22T08:47:00.000Z,-0.01
2022-07-22T08:44:00.000Z,-0.01
2022-07-22T08:43:00.000Z,-0.01
2022-07-22T08:42:00.000Z,-0.01
2022-07-22T08:41:00.000Z,-0.01
2022-07-22T07:44:00.000Z,-0.01
2022-07-22T07:38:00.000Z,-0.01
2022-07-22T07:35:00.000Z,-0.01
2022-07-22T07:34:00.000Z,-0.01
2022-07-22T07:33:00.000Z,-0.01
2022-07-22T07:31:00.000Z,-0.01
2022-07-22T07:29:00.000Z,-0.01
2022-07-22T07:27:00.000Z,-0.01
2022-07-22T07:22:00.000Z,-0.01
2022-07-22T07:20:00.000Z,-0.01
2022-07-22T07:19:00.000Z,-0.01
2022-07-22T07:18:00.000Z,-0.01
2022-07-22T07:14:00.000Z,-0.01
2022-07-22T07:12:00.000Z,-0.01
2022-07-22T07:10:00.000Z,-0.01
2022-07-22T07:08:00.000Z,-0.01
2022-07-22T06:38:00.000Z,-0.01
2022-07-22T06:08:00.000Z,-0.01
2022-07-22T05:38:00.000Z,-0.01
2022-07-22T04:38:00.000Z,-0.01
2022-07-22T04:08:00.000Z,-0.01
2022-07-22T03:38:00.000Z,0.0
2022-07-22T02:38:00.000Z,0.0
2022-07-22T02:08:00.000Z,0.01
2022-07-22T01:38:00.000Z,0.0
2022-07-22T01:08:00.000Z,0.01
2022-07-22T00:38:00.000Z,0.0
2022-07-22T00:08:00.000Z,0.0
2022-07-21T23:38:00.000Z,0.01
2022-07-21T23:08:00.000Z,0.01
2022-07-21T22:38:00.000Z,0.01
2022-07-21T22:08:00.000Z,0.01
2022-07-21T21:38:00.000Z,0.01
2022-07-21T21:08:00.000Z,0.01
2022-07-21T20:38:00.000Z,0.01
2022-07-21T20:08:00.000Z,0.02
2022-07-21T19:38:00.000Z,0.02
2022-07-21T19:08:00.000Z,0.02
2022-07-21T18:38:00.000Z,0.02
2022-07-21T18:08:00.000Z,0.02
2022-07-21T17:38:00.000Z,0.02
2022-07-21T17:08:00.000Z,0.01
2022-07-21T16:38:00.000Z,0.02
2022-07-21T16:08:00.000Z,0.02
2022-07-21T15:38:00.000Z,0.02
2022-07-21T15:08:00.000Z,0.02
2022-07-21T13:38:00.000Z,0.0
2022-07-21T13:08:00.000Z,0.01
2022-07-21T12:38:00.000Z,0.01
2022-07-21T12:08:00.000Z,0.01
2022-07-21T11:38:00.000Z,0.0
2022-07-21T11:08:00.000Z,0.0
2022-07-21T10:38:00.000Z,2.06
2022-07-21T10:08:00.000Z,0.56
2022-07-21T08:38:00.000Z,2.06
2022-07-20T23:53:00.000Z,2.06
2022-07-20T23:08:00.000Z,2.06
2022-07-20T22:08:00.000Z,2.06
2022-07-20T19:38:00.000Z,2.06
2022-07-20T17:38:00.000Z,2.07
2022-07-20T15:03:00.000Z,2.06
2022-07-20T14:27:00.000Z,2.06
2022-07-20T14:20:00.000Z,2.06
2022-07-20T13:48:00.000Z,2.06
2022-07-20T13:24:00.000Z,2.06
2022-07-20T13:10:00.000Z,2.07
2022-07-20T13:08:00.000Z,2.07
2022-07-20T12:28:00.000Z,2.06
2022-07-20T12:01:00.000Z,2.06
2022-07-20T11:51:00.000Z,2.06
2022-07-20T11:28:00.000Z,2.06
2022-07-20T11:13:00.000Z,2.06
2022-07-20T11:10:00.000Z,2.06
2022-07-20T11:08:00.000Z,2.06
2022-07-20T11:02:00.000Z,2.06
2022-07-20T10:50:00.000Z,2.06
2022-07-20T10:43:00.000Z,2.06
2022-07-20T10:41:00.000Z,2.06
2022-07-20T10:38:00.000Z,2.06
2022-07-20T10:25:00.000Z,2.06
2022-07-20T10:11:00.000Z,2.06
2022-07-20T10:03:00.000Z,2.06
2022-07-20T09:57:00.000Z,2.06
2022-07-20T09:48:00.000Z,2.06
2022-07-20T09:34:00.000Z,2.06
2022-07-20T09:32:00.000Z,2.06
2022-07-20T09:31:00.000Z,2.06
2022-07-20T09:18:00.000Z,2.06
2022-07-20T09:08:00.000Z,2.06
2022-07-20T07:38:00.000Z,2.06
2022-07-20T05:08:00.000Z,2.06
2022-07-20T02:38:00.000Z,2.06
2022-07-20T01:38:00.000Z,2.06
2022-07-20T00:43:00.000Z,2.06
2022-07-20T00:40:00.000Z,2.06
2022-07-20T00:19:00.000Z,2.06
2022-07-20T00:14:00.000Z,2.06
2022-07-19T22:38:00.000Z,2.06
2022-07-19T21:17:00.000Z,2.07
2022-07-19T21:08:00.000Z,2.06
2022-07-19T20:02:00.000Z,2.07
2022-07-19T20:01:00.000Z,2.07
2022-07-19T20:01:00.000Z,2.07
2022-07-19T20:01:00.000Z,2.07
2022-07-19T19:56:00.000Z,2.07
2022-07-19T19:55:00.000Z,2.07
2022-07-19T19:52:00.000Z,2.07
2022-07-19T19:52:00.000Z,2.07
2022-07-19T19:50:00.000Z,2.07
2022-07-19T19:50:00.000Z,2.07
2022-07-19T19:48:00.000Z,2.07
2022-07-19T19:40:00.000Z,2.07
2022-07-19T19:39:00.000Z,2.07
2022-07-19T19:37:00.000Z,2.07
2022-07-19T19:33:00.000Z,2.07
2022-07-19T19:31:00.000Z,2.07
2022-07-19T19:31:00.000Z,2.07
2022-07-19T19:26:00.000Z,2.07
2022-07-19T19:24:00.000Z,2.07
2022-07-19T19:23:00.000Z,2.07
2022-07-19T19:15:00.000Z,2.07
2022-07-19T19:14:00.000Z,2.07
2022-07-19T19:13:00.000Z,2.07
2022-07-19T19:12:00.000Z,2.07
2022-07-19T19:12:00.000Z,2.07
2022-07-19T19:12:00.000Z,2.07
2022-07-19T19:09:00.000Z,2.07
2022-07-19T19:04:00.000Z,2.07
2022-07-19T19:03:00.000Z,2.07
2022-07-19T18:59:00.000Z,2.07
2022-07-19T18:55:00.000Z,2.07
2022-07-19T18:55:00.000Z,2.07
2022-07-19T18:50:00.000Z,2.07
2022-07-19T18:50:00.000Z,2.07
2022-07-19T18:49:00.000Z,2.07
2022-07-19T18:48:00.000Z,2.07
2022-07-19T18:48:00.000Z,2.07
2022-07-19T18:48:00.000Z,2.07
2022-07-19T18:47:00.000Z,2.07
2022-07-19T18:47:00.000Z,2.07
2022-07-19T18:45:00.000Z,2.07
2022-07-19T18:45:00.000Z,2.07
2022-07-19T18:44:00.000Z,2.07
2022-07-19T18:42:00.000Z,2.07
2022-07-19T18:42:00.000Z,2.07
2022-07-19T18:38:00.000Z,2.07
2022-07-19T18:36:00.000Z,2.07
2022-07-19T18:34:00.000Z,2.07
2022-07-19T18:33:00.000Z,2.07
2022-07-19T18:33:00.000Z,2.07
2022-07-19T18:32:00.000Z,2.07
2022-07-19T18:29:00.000Z,2.07
2022-07-19T18:28:00.000Z,2.07
2022-07-19T18:27:00.000Z,2.07
2022-07-19T18:26:00.000Z,2.07
2022-07-19T18:18:00.000Z,2.07
2022-07-19T18:15:00.000Z,2.07
2022-07-19T18:04:00.000Z,2.07
2022-07-19T17:59:00.000Z,2.07
2022-07-19T17:55:00.000Z,2.07
2022-07-19T17:50:00.000Z,2.07
2022-07-19T17:49:00.000Z,2.07
2022-07-19T17:35:00.000Z,2.07
2022-07-19T17:19:00.000Z,2.07
2022-07-19T16:28:00.000Z,2.07
2022-07-19T16:23:00.000Z,2.07
2022-07-19T16:15:00.000Z,2.07
2022-07-19T16:14:00.000Z,2.07
2022-07-19T16:09:00.000Z,2.07
2022-07-19T15:50:00.000Z,2.07
2022-07-19T12:44:00.000Z,2.07
2022-07-19T12:32:00.000Z,2.07
2022-07-19T11:18:00.000Z,2.07
2022-07-19T11:08:00.000Z,2.07
2022-07-19T11:00:00.000Z,2.07
2022-07-19T10:51:00.000Z,2.07
2022-07-19T10:40:00.000Z,2.07
2022-07-19T10:40:00.000Z,2.07
2022-07-19T10:39:00.000Z,2.07
2022-07-19T10:32:00.000Z,2.07
2022-07-19T10:25:00.000Z,2.07
2022-07-19T09:38:00.000Z,2.07
2022-07-19T08:57:00.000Z,2.07
2022-07-19T08:56:00.000Z,2.07
2022-07-19T08:22:00.000Z,2.07
2022-07-19T08:15:00.000Z,2.07
2022-07-19T08:15:00.000Z,2.06
2022-07-19T07:08:00.000Z,2.06
2022-07-19T06:31:00.000Z,2.06
2022-07-19T06:20:00.000Z,2.06
2022-07-19T06:19:00.000Z,2.06
2022-07-19T06:17:00.000Z,2.06
2022-07-19T06:16:00.000Z,2.06
2022-07-19T06:13:00.000Z,2.06
2022-07-19T06:11:00.000Z,2.06
2022-07-19T06:09:00.000Z,2.06
2022-07-19T06:09:00.000Z,2.06
2022-07-19T06:09:00.000Z,2.06
2022-07-19T06:07:00.000Z,2.06
2022-07-19T06:06:00.000Z,2.06
2022-07-19T06:05:00.000Z,2.06
2022-07-19T06:02:00.000Z,2.06
2022-07-19T06:01:00.000Z,2.06
2022-07-19T06:01:00.000Z,2.06
2022-07-19T06:01:00.000Z,2.06
2022-07-19T05:59:00.000Z,2.06
2022-07-19T05:59:00.000Z,2.06
2022-07-19T05:58:00.000Z,2.06
2022-07-19T05:55:00.000Z,2.06
2022-07-19T05:54:00.000Z,2.06
2022-07-19T05:53:00.000Z,2.06
2022-07-19T05:46:00.000Z,2.06
2022-07-19T05:46:00.000Z,2.06
2022-07-19T05:29:00.000Z,2.06
2022-07-19T05:19:00.000Z,2.06
2022-07-19T05:11:00.000Z,2.06
2022-07-19T05:08:00.000Z,2.06
2022-07-19T05:06:00.000Z,2.06
2022-07-19T05:06:00.000Z,2.06
2022-07-19T04:44:00.000Z,2.06
2022-07-19T04:42:00.000Z,2.06
2022-07-19T04:41:00.000Z,2.06
2022-07-19T04:32:00.000Z,2.06
2022-07-19T04:27:00.000Z,2.06
2022-07-19T04:24:00.000Z,2.06
2022-07-19T04:24:00.000Z,2.06
2022-07-19T04:24:00.000Z,2.06
2022-07-19T04:23:00.000Z,2.06
2022-07-19T04:16:00.000Z,2.06
2022-07-19T04:16:00.000Z,2.06
2022-07-19T04:14:00.000Z,2.06
2022-07-19T04:13:00.000Z,2.06
2022-07-19T04:11:00.000Z,2.06
2022-07-19T04:09:00.000Z,2.06
2022-07-19T04:09:00.000Z,2.06
2022-07-19T04:08:00.000Z,2.06
2022-07-19T03:41:00.000Z,2.06
2022-07-19T03:37:00.000Z,2.06
2022-07-19T03:36:00.000Z,2.06
2022-07-19T03:34:00.000Z,2.06
2022-07-19T03:34:00.000Z,2.06
2022-07-19T01:08:00.000Z,2.06
2022-07-19T00:08:00.000Z,2.06
2022-07-18T23:41:00.000Z,2.06
2022-07-18T23:40:00.000Z,2.06
2022-07-18T23:39:00.000Z,2.06
2022-07-18T23:38:00.000Z,2.06
2022-07-18T23:37:00.000Z,2.06
2022-07-18T23:26:00.000Z,2.06
2022-07-18T23:19:00.000Z,2.06
2022-07-18T23:19:00.000Z,2.06
2022-07-18T23:16:00.000Z,2.06
2022-07-18T23:10:00.000Z,2.06
2022-07-18T23:08:00.000Z,2.06
2022-07-18T23:06:00.000Z,2.06
2022-07-18T23:00:00.000Z,2.06
2022-07-18T23:00:00.000Z,2.06
2022-07-18T22:53:00.000Z,2.06
2022-07-18T22:51:00.000Z,2.06
2022-07-18T22:47:00.000Z,2.06
2022-07-18T22:41:00.000Z,2.06
2022-07-18T22:29:00.000Z,2.06
2022-07-18T22:29:00.000Z,2.06
2022-07-18T22:25:00.000Z,2.06
2022-07-18T22:23:00.000Z,2.06
2022-07-18T22:20:00.000Z,2.06
2022-07-18T22:20:00.000Z,2.06
2022-07-18T22:18:00.000Z,2.06
2022-07-18T22:17:00.000Z,2.06
2022-07-18T22:16:00.000Z,2.06
2022-07-18T22:14:00.000Z,2.06
2022-07-18T22:13:00.000Z,2.06
2022-07-18T22:11:00.000Z,2.06
2022-07-18T22:10:00.000Z,2.06
2022-07-18T22:10:00.000Z,2.06
2022-07-18T22:07:00.000Z,2.06
2022-07-18T22:04:00.000Z,2.06
2022-07-18T21:57:00.000Z,2.06
2022-07-18T21:50:00.000Z,2.06
2022-07-18T21:45:00.000Z,2.07
2022-07-18T21:37:00.000Z,2.06
2022-07-18T21:03:00.000Z,2.07
2022-07-18T21:02:00.000Z,2.07
2022-07-18T20:56:00.000Z,2.07
2022-07-18T20:56:00.000Z,2.07
2022-07-18T20:52:00.000Z,2.07
2022-07-18T20:50:00.000Z,2.07
2022-07-18T20:44:00.000Z,2.06
2022-07-18T17:13:00.000Z,2.07
2022-07-18T17:05:00.000Z,2.07
2022-07-18T16:33:00.000Z,2.07
2022-07-18T16:20:00.000Z,2.07
2022-07-18T16:16:00.000Z,2.07
2022-07-18T16:16:00.000Z,2.07
2022-07-18T16:02:00.000Z,2.07
2022-07-18T15:49:00.000Z,2.07
2022-07-18T15:36:00.000Z,2.07
2022-07-18T15:29:00.000Z,2.07
2022-07-18T15:14:00.000Z,2.07
2022-07-18T13:30:00.000Z,2.07
2022-07-18T12:58:00.000Z,2.07
2022-07-18T09:38:00.000Z,2.07
2022-07-18T09:17:00.000Z,2.07
2022-07-18T09:06:00.000Z,2.07
2022-07-18T08:31:00.000Z,2.06
2022-07-18T08:31:00.000Z,2.06
2022-07-18T00:38:00.000Z,2.06
2022-07-17T23:38:00.000Z,2.06
2022-07-17T21:08:00.000Z,2.06
2022-07-17T20:38:00.000Z,2.06
2022-07-17T19:08:00.000Z,2.07
2022-07-17T12:38:00.000Z,2.07
2022-07-17T10:08:00.000Z,2.07
2022-07-17T09:08:00.000Z,2.06
2022-07-17T08:10:00.000Z,2.06
2022-07-17T08:09:00.000Z,2.06
2022-07-17T07:05:00.000Z,2.06
2022-07-17T07:05:00.000Z,2.06
2022-07-17T05:08:00.000Z,2.06
2022-07-17T03:38:00.000Z,2.06
2022-07-17T02:08:00.000Z,2.06
2022-07-17T01:08:00.000Z,2.06
2022-07-17T00:38:00.000Z,2.06
2022-07-16T22:38:00.000Z,2.06
2022-07-16T21:08:00.000Z,2.06
2022-07-16T20:38:00.000Z,2.06
2022-07-16T19:38:00.000Z,2.07
2022-07-16T14:38:00.000Z,2.07
2022-07-16T12:17:00.000Z,2.07
2022-07-16T12:08:00.000Z,2.07
2022-07-16T10:38:00.000Z,2.07
2022-07-16T09:38:00.000Z,2.06
2022-07-16T08:08:00.000Z,2.06
2022-07-16T07:08:00.000Z,2.06
2022-07-16T05:38:00.000Z,2.06
2022-07-16T04:38:00.000Z,2.06
2022-07-16T00:08:00.000Z,2.06
2022-07-15T22:38:00.000Z,2.06
2022-07-15T21:38:00.000Z,2.06
2022-07-15T20:38:00.000Z,2.06
2022-07-15T12:38:00.000Z,2.06
2022-07-15T11:38:00.000Z,2.06
2022-07-15T11:08:00.000Z,2.06
2022-07-15T09:38:00.000Z,2.06
2022-07-15T08:38:00.000Z,2.06
2022-07-15T08:08:00.000Z,2.06
2022-07-15T07:38:00.000Z,2.06
2022-07-15T06:08:00.000Z,2.06
2022-07-15T03:38:00.000Z,2.06
2022-07-15T00:08:00.000Z,2.06
2022-07-14T23:08:00.000Z,2.06
2022-07-14T22:08:00.000Z,2.06
2022-07-14T21:38:00.000Z,2.06
2022-07-14T20:38:00.000Z,2.06
2022-07-14T19:38:00.000Z,2.07
2022-07-14T17:03:00.000Z,2.06
2022-07-14T17:03:00.000Z,2.06
2022-07-14T17:00:00.000Z,2.06
2022-07-14T16:59:00.000Z,2.06
2022-07-14T16:56:00.000Z,2.06
2022-07-14T16:56:00.000Z,2.06
2022-07-14T16:49:00.000Z,2.06
2022-07-14T16:46:00.000Z,2.06
2022-07-14T16:44:00.000Z,2.06
2022-07-14T16:44:00.000Z,2.06
2022-07-14T16:42:00.000Z,2.06
2022-07-14T16:41:00.000Z,2.06
2022-07-14T15:45:00.000Z,2.06
2022-07-14T15:24:00.000Z,2.06
2022-07-14T14:08:00.000Z,2.06
2022-07-14T13:38:00.000Z,2.06
2022-07-14T10:38:00.000Z,2.06
2022-07-14T09:37:00.000Z,2.06
2022-07-14T09:36:00.000Z,2.06
2022-07-14T09:31:00.000Z,2.06
2022-07-14T09:26:00.000Z,2.06
2022-07-14T09:24:00.000Z,2.06
2022-07-14T09:23:00.000Z,2.06
2022-07-14T09:22:00.000Z,2.06
2022-07-14T09:19:00.000Z,2.06
2022-07-14T09:09:00.000Z,2.06
2022-07-14T09:08:00.000Z,2.06
2022-07-14T09:08:00.000Z,2.06
2022-07-14T08:59:00.000Z,2.06
2022-07-14T08:57:00.000Z,2.06
2022-07-14T08:55:00.000Z,2.06
2022-07-14T08:51:00.000Z,2.06
2022-07-14T08:51:00.000Z,2.06
2022-07-14T08:51:00.000Z,2.06
2022-07-14T08:49:00.000Z,2.06
2022-07-14T08:45:00.000Z,2.06
2022-07-14T08:45:00.000Z,2.06
2022-07-14T08:43:00.000Z,2.06
2022-07-14T08:38:00.000Z,2.06
2022-07-14T07:31:00.000Z,2.06
2022-07-14T06:38:00.000Z,2.06
2022-07-14T05:08:00.000Z,2.06
2022-07-14T03:50:00.000Z,2.06
2022-07-14T03:50:00.000Z,2.06
2022-07-14T03:48:00.000Z,2.06
2022-07-14T03:47:00.000Z,2.06
2022-07-14T03:45:00.000Z,2.06
2022-07-14T03:45:00.000Z,2.06
2022-07-14T02:09:00.000Z,2.06
2022-07-14T01:41:00.000Z,2.06
2022-07-14T00:11:00.000Z,2.06
2022-07-13T23:08:00.000Z,2.06
2022-07-13T22:38:00.000Z,2.06
2022-07-13T21:38:00.000Z,2.06
2022-07-13T20:38:00.000Z,2.06
2022-07-13T19:03:00.000Z,2.06
2022-07-13T18:58:00.000Z,2.07
2022-07-13T18:55:00.000Z,2.07
2022-07-13T18:54:00.000Z,2.07
2022-07-13T16:38:00.000Z,2.07
2022-07-13T16:05:00.000Z,2.07
2022-07-13T15:52:00.000Z,2.07
2022-07-13T15:49:00.000Z,2.07
2022-07-13T15:43:00.000Z,2.07
2022-07-13T15:41:00.000Z,2.07
2022-07-13T15:36:00.000Z,2.07
2022-07-13T15:34:00.000Z,2.07
2022-07-13T15:32:00.000Z,2.07
2022-07-13T15:31:00.000Z,2.07
2022-07-13T15:25:00.000Z,2.07
2022-07-13T15:18:00.000Z,2.07
2022-07-13T15:13:00.000Z,2.07
2022-07-13T15:11:00.000Z,2.06
2022-07-13T12:38:00.000Z,2.07
2022-07-13T11:18:00.000Z,2.06
2022-07-13T11:18:00.000Z,2.06
2022-07-13T11:13:00.000Z,2.06
2022-07-13T11:12:00.000Z,2.06
2022-07-13T11:10:00.000Z,2.06
2022-07-13T09:38:00.000Z,2.06
2022-07-13T09:08:00.000Z,2.06
2022-07-13T08:08:00.000Z,2.06
2022-07-13T03:08:00.000Z,2.06
2022-07-12T23:08:00.000Z,2.06
2022-07-12T19:38:00.000Z,2.06
2022-07-12T19:08:00.000Z,2.06
2022-07-12T15:55:00.000Z,2.07
2022-07-12T15:51:00.000Z,2.07
2022-07-12T15:49:00.000Z,2.07
2022-07-12T15:39:00.000Z,2.07
2022-07-12T15:34:00.000Z,2.07
2022-07-12T15:32:00.000Z,2.07
2022-07-12T15:31:00.000Z,2.07
2022-07-12T15:29:00.000Z,2.07
2022-07-12T15:26:00.000Z,2.07
2022-07-12T15:23:00.000Z,2.07
2022-07-12T15:17:00.000Z,2.07
2022-07-12T15:08:00.000Z,2.07
2022-07-12T15:07:00.000Z,2.07
2022-07-12T15:07:00.000Z,2.07
2022-07-12T15:06:00.000Z,2.07
2022-07-12T15:01:00.000Z,2.07
2022-07-12T14:56:00.000Z,2.07
2022-07-12T14:52:00.000Z,2.07
2022-07-12T14:51:00.000Z,2.07
2022-07-12T14:47:00.000Z,2.07
2022-07-12T14:39:00.000Z,2.07
2022-07-12T12:38:00.000Z,2.07
2022-07-12T09:08:00.000Z,2.06
2022-07-12T08:32:00.000Z,2.06
2022-07-12T08:32:00.000Z,2.06
2022-07-12T04:08:00.000Z,2.06
2022-07-11T21:45:00.000Z,2.06
2022-07-11T21:43:00.000Z,2.06
2022-07-11T21:41:00.000Z,2.06
2022-07-11T21:38:00.000Z,2.06
2022-07-11T21:09:00.000Z,2.06
2022-07-11T21:08:00.000Z,2.06
2022-07-11T20:38:00.000Z,2.06
2022-07-11T19:38:00.000Z,2.06
2022-07-11T18:08:00.000Z,2.07
2022-07-11T16:52:00.000Z,2.07
2022-07-11T16:47:00.000Z,2.07
2022-07-11T15:38:00.000Z,2.07
2022-07-11T14:40:00.000Z,2.07
2022-07-11T14:39:00.000Z,2.07
2022-07-11T14:37:00.000Z,2.07
2022-07-11T14:21:00.000Z,2.07
2022-07-11T14:19:00.000Z,2.07
2022-07-11T14:17:00.000Z,2.07
2022-07-11T14:13:00.000Z,2.07
2022-07-11T14:13:00.000Z,2.07
2022-07-11T14:13:00.000Z,2.07
2022-07-11T14:12:00.000Z,2.07
2022-07-11T14:10:00.000Z,2.07
2022-07-11T14:08:00.000Z,2.07
2022-07-11T14:08:00.000Z,2.07
2022-07-11T14:03:00.000Z,2.07
2022-07-11T14:03:00.000Z,2.07
2022-07-11T14:03:00.000Z,2.07
2022-07-11T14:00:00.000Z,2.07
2022-07-11T14:00:00.000Z,2.07
2022-07-11T13:55:00.000Z,2.07
2022-07-11T13:32:00.000Z,2.07
2022-07-11T13:32:00.000Z,2.07
2022-07-11T13:28:00.000Z,2.07
2022-07-11T13:24:00.000Z,2.07
2022-07-11T13:22:00.000Z,2.07
2022-07-11T13:21:00.000Z,2.07
2022-07-11T13:18:00.000Z,2.07
2022-07-11T13:08:00.000Z,2.07
2022-07-11T11:38:00.000Z,2.07
2022-07-11T09:38:00.000Z,2.07
2022-07-11T08:38:00.000Z,2.06
2022-07-11T08:08:00.000Z,2.06
2022-07-11T07:38:00.000Z,2.06
2022-07-11T07:08:00.000Z,2.06
2022-07-11T05:04:00.000Z,2.06
2022-07-11T04:53:00.000Z,2.06
2022-07-11T04:37:00.000Z,2.06
2022-07-11T04:14:00.000Z,2.06
2022-07-11T04:03:00.000Z,2.06
2022-07-11T03:46:00.000Z,2.06
2022-07-11T03:39:00.000Z,2.06
2022-07-11T03:36:00.000Z,2.06
2022-07-11T03:13:00.000Z,2.06
2022-07-11T03:08:00.000Z,2.06
2022-07-11T02:42:00.000Z,2.06
2022-07-11T02:22:00.000Z,2.06
2022-07-11T02:09:00.000Z,2.06
2022-07-11T02:04:00.000Z,2.06
2022-07-11T02:04:00.000Z,2.06
2022-07-11T01:35:00.000Z,2.06
2022-07-11T01:18:00.000Z,2.06
2022-07-10T23:08:00.000Z,2.06
2022-07-10T22:08:00.000Z,2.06
2022-07-10T21:08:00.000Z,2.06
2022-07-10T20:31:00.000Z,2.07
2022-07-10T20:20:00.000Z,2.07
2022-07-10T20:17:00.000Z,2.07
2022-07-10T19:56:00.000Z,2.07
2022-07-10T19:09:00.000Z,2.07
2022-07-10T18:38:00.000Z,2.07
2022-07-10T16:38:00.000Z,2.07
2022-07-10T11:08:00.000Z,2.07
2022-07-10T09:08:00.000Z,2.06
2022-07-10T08:38:00.000Z,2.06
2022-07-10T08:08:00.000Z,2.06
2022-07-10T07:08:00.000Z,2.06
2022-07-10T06:08:00.000Z,2.06
2022-07-10T02:08:00.000Z,2.06
2022-07-10T01:58:00.000Z,2.06
2022-07-10T01:40:00.000Z,2.06
2022-07-10T01:38:00.000Z,2.06
2022-07-10T01:31:00.000Z,2.06
2022-07-10T01:30:00.000Z,2.06
2022-07-10T01:27:00.000Z,2.06
2022-07-10T01:22:00.000Z,2.06
2022-07-10T01:10:00.000Z,2.06
2022-07-10T01:05:00.000Z,2.06
2022-07-10T00:56:00.000Z,2.06
2022-07-10T00:45:00.000Z,2.06
2022-07-10T00:37:00.000Z,2.06
2022-07-10T00:35:00.000Z,2.06
2022-07-10T00:27:00.000Z,2.06
2022-07-10T00:22:00.000Z,2.06
2022-07-10T00:18:00.000Z,2.06
2022-07-10T00:10:00.000Z,2.06
2022-07-09T23:52:00.000Z,2.06
2022-07-09T23:44:00.000Z,2.06
2022-07-09T23:41:00.000Z,2.06
2022-07-09T23:38:00.000Z,2.06
2022-07-09T23:08:00.000Z,2.06
2022-07-09T22:38:00.000Z,2.06
2022-07-09T22:08:00.000Z,2.06
2022-07-09T21:38:00.000Z,2.06
2022-07-09T20:38:00.000Z,2.07
2022-07-09T19:38:00.000Z,2.07
2022-07-09T19:35:00.000Z,2.07
2022-07-09T19:35:00.000Z,2.07
2022-07-09T19:29:00.000Z,2.07
2022-07-09T19:25:00.000Z,2.07
2022-07-09T19:18:00.000Z,2.07
2022-07-09T19:09:00.000Z,2.07
2022-07-09T17:29:00.000Z,2.07
2022-07-09T17:24:00.000Z,2.07
2022-07-09T17:21:00.000Z,2.07
2022-07-09T17:16:00.000Z,2.07
2022-07-09T17:14:00.000Z,2.07
2022-07-09T16:08:00.000Z,2.07
2022-07-09T13:08:00.000Z,2.07
2022-07-09T11:29:00.000Z,2.06
2022-07-09T11:19:00.000Z,2.06
2022-07-09T11:11:00.000Z,2.06
2022-07-09T10:08:00.000Z,2.06
2022-07-09T09:08:00.000Z,2.06
2022-07-09T08:38:00.000Z,2.06
2022-07-09T08:37:00.000Z,2.06
2022-07-09T08:32:00.000Z,2.06
2022-07-09T08:25:00.000Z,2.06
2022-07-09T08:22:00.000Z,2.06
2022-07-09T08:19:00.000Z,2.06
2022-07-09T07:08:00.000Z,2.06
2022-07-09T05:38:00.000Z,2.06
2022-07-09T05:08:00.000Z,2.06
2022-07-09T04:08:00.000Z,2.06
2022-07-09T00:58:00.000Z,2.06
2022-07-09T00:38:00.000Z,2.06
2022-07-08T22:38:00.000Z,2.06
2022-07-08T21:52:00.000Z,2.06
2022-07-08T21:49:00.000Z,2.06
2022-07-08T21:08:00.000Z,2.06
2022-07-08T19:38:00.000Z,2.06
2022-07-08T17:16:00.000Z,2.07
2022-07-08T17:15:00.000Z,2.07
2022-07-08T17:13:00.000Z,2.07
2022-07-08T15:08:00.000Z,2.07
2022-07-08T14:08:00.000Z,2.07
2022-07-08T13:38:00.000Z,2.07
2022-07-08T12:38:00.000Z,2.07
2022-07-08T10:59:00.000Z,2.06
2022-07-08T10:55:00.000Z,2.06
2022-07-08T10:51:00.000Z,2.07
2022-07-08T10:51:00.000Z,2.06
2022-07-08T10:44:00.000Z,2.06
2022-07-08T10:37:00.000Z,2.06
2022-07-08T10:36:00.000Z,2.06
2022-07-08T10:22:00.000Z,2.06
2022-07-08T10:11:00.000Z,2.06
2022-07-08T09:12:00.000Z,2.06
2022-07-08T09:08:00.000Z,2.06
2022-07-08T08:08:00.000Z,2.06
2022-07-08T07:37:00.000Z,2.06
2022-07-08T07:10:00.000Z,2.06
2022-07-08T07:03:00.000Z,2.06
2022-07-08T06:52:00.000Z,2.06
2022-07-08T06:46:00.000Z,2.06
2022-07-08T06:38:00.000Z,2.06
2022-07-08T06:08:00.000Z,2.06
2022-07-08T02:38:00.000Z,2.06
2022-07-07T23:38:00.000Z,2.06
2022-07-07T22:38:00.000Z,2.06
2022-07-07T22:08:00.000Z,2.06
2022-07-07T21:38:00.000Z,2.06
2022-07-07T20:08:00.000Z,2.07
2022-07-07T16:38:00.000Z,2.07
2022-07-07T15:38:00.000Z,2.07
2022-07-07T13:38:00.000Z,2.06
2022-07-07T11:38:00.000Z,2.06
2022-07-07T04:38:00.000Z,2.06
2022-07-07T04:08:00.000Z,2.06
2022-07-06T23:08:00.000Z,2.06
2022-07-06T21:38:00.000Z,2.06
2022-07-06T20:38:00.000Z,2.06
2022-07-06T19:38:00.000Z,2.06
2022-07-06T19:08:00.000Z,2.06
2022-07-06T16:08:00.000Z,2.06
2022-07-06T15:38:00.000Z,2.06
2022-07-06T15:08:00.000Z,2.06
2022-07-06T13:08:00.000Z,2.06
2022-07-06T12:38:00.000Z,2.06
2022-07-06T11:44:00.000Z,2.06
2022-07-06T11:41:00.000Z,2.06
2022-07-06T11:38:00.000Z,2.06
2022-07-06T11:25:00.000Z,2.06
2022-07-06T11:14:00.000Z,2.06
2022-07-06T11:08:00.000Z,2.06
2022-07-06T10:53:00.000Z,2.06
2022-07-06T10:53:00.000Z,2.06
2022-07-06T10:44:00.000Z,2.06
2022-07-06T10:44:00.000Z,2.06
2022-07-06T10:38:00.000Z,2.06
2022-07-06T09:24:00.000Z,2.06
2022-07-06T09:16:00.000Z,2.06
2022-07-06T08:51:00.000Z,2.06
2022-07-06T08:42:00.000Z,2.06
2022-07-06T08:41:00.000Z,2.06
2022-07-06T07:49:00.000Z,2.06
2022-07-06T07:38:00.000Z,2.06
2022-07-06T06:49:00.000Z,2.06
2022-07-06T06:49:00.000Z,2.06
2022-07-06T06:47:00.000Z,2.06
2022-07-06T05:51:00.000Z,2.06
2022-07-06T05:47:00.000Z,2.06
2022-07-06T05:45:00.000Z,2.06
2022-07-06T05:41:00.000Z,2.06
2022-07-06T05:08:00.000Z,2.06
2022-07-06T04:49:00.000Z,2.06
2022-07-06T04:48:00.000Z,2.06
2022-07-06T04:46:00.000Z,2.06
2022-07-06T04:45:00.000Z,2.06
2022-07-06T04:41:00.000Z,2.06
2022-07-06T04:40:00.000Z,2.06
2022-07-06T04:39:00.000Z,2.06
2022-07-06T03:49:00.000Z,2.06
2022-07-06T03:48:00.000Z,2.06
2022-07-06T03:45:00.000Z,2.06
2022-07-06T03:43:00.000Z,2.06
2022-07-06T03:42:00.000Z,2.06
2022-07-06T03:39:00.000Z,2.06
2022-07-06T03:38:00.000Z,2.06
2022-07-06T02:55:00.000Z,2.06
2022-07-06T02:42:00.000Z,2.06
2022-07-06T02:38:00.000Z,2.06
2022-07-06T02:08:00.000Z,2.06
2022-07-06T02:00:00.000Z,2.06
2022-07-06T01:59:00.000Z,2.06
2022-07-06T01:40:00.000Z,2.06
2022-07-06T00:51:00.000Z,2.06
2022-07-06T00:38:00.000Z,2.06
2022-07-05T23:51:00.000Z,2.06
2022-07-05T23:47:00.000Z,2.06
2022-07-05T23:45:00.000Z,2.06
2022-07-05T23:40:00.000Z,2.06
2022-07-05T23:39:00.000Z,2.06
2022-07-05T23:38:00.000Z,2.06
2022-07-05T22:38:00.000Z,2.06
2022-07-05T22:09:00.000Z,2.06
2022-07-05T22:08:00.000Z,2.06
2022-07-05T21:38:00.000Z,2.06
2022-07-05T21:38:00.000Z,2.06
2022-07-05T18:38:00.000Z,2.07
2022-07-05T18:38:00.000Z,2.07
2022-07-05T15:38:00.000Z,2.06
2022-07-05T14:24:00.000Z,2.06
2022-07-05T14:11:00.000Z,2.06
2022-07-05T14:08:00.000Z,2.06
2022-07-05T11:39:00.000Z,2.06
2022-07-05T11:38:00.000Z,2.06
2022-07-05T11:22:00.000Z,2.06
2022-07-05T10:51:00.000Z,2.06
2022-07-05T10:48:00.000Z,2.06
2022-07-05T10:40:00.000Z,2.06
2022-07-05T09:43:00.000Z,2.06
2022-07-05T09:41:00.000Z,2.06
2022-07-05T07:48:00.000Z,2.06
2022-07-05T07:43:00.000Z,2.06
2022-07-05T07:17:00.000Z,2.06
2022-07-05T07:08:00.000Z,2.06
2022-07-05T06:52:00.000Z,2.06
2022-07-05T06:44:00.000Z,2.06
2022-07-05T06:39:00.000Z,2.06
2022-07-05T06:38:00.000Z,2.06
2022-07-05T06:17:00.000Z,2.06
2022-07-05T06:02:00.000Z,2.06
2022-07-05T05:51:00.000Z,2.06
2022-07-05T05:49:00.000Z,2.06
2022-07-05T05:47:00.000Z,2.06
2022-07-05T05:47:00.000Z,2.06
2022-07-05T05:45:00.000Z,2.06
2022-07-05T05:43:00.000Z,2.06
2022-07-05T05:37:00.000Z,2.06
2022-07-05T05:36:00.000Z,2.06
2022-07-05T05:35:00.000Z,2.06
2022-07-05T05:34:00.000Z,2.06
2022-07-05T05:32:00.000Z,2.06
2022-07-05T05:29:00.000Z,2.06
2022-07-05T05:27:00.000Z,2.06
2022-07-05T05:26:00.000Z,2.06
2022-07-05T05:24:00.000Z,2.06
2022-07-05T05:20:00.000Z,2.06
2022-07-05T05:19:00.000Z,2.06
2022-07-05T05:17:00.000Z,2.06
2022-07-05T05:14:00.000Z,2.06
2022-07-05T05:13:00.000Z,2.06
2022-07-05T05:07:00.000Z,2.06
2022-07-05T04:55:00.000Z,2.06
2022-07-05T04:55:00.000Z,2.06
2022-07-05T04:53:00.000Z,2.06
2022-07-05T04:51:00.000Z,2.06
2022-07-05T04:47:00.000Z,2.06
2022-07-05T04:45:00.000Z,2.06
2022-07-05T04:42:00.000Z,2.06
2022-07-05T04:39:00.000Z,2.06
2022-07-05T04:38:00.000Z,2.06
2022-07-05T01:38:00.000Z,2.06
2022-07-04T23:38:00.000Z,2.06
2022-07-04T22:38:00.000Z,2.06
2022-07-04T21:38:00.000Z,2.06
2022-07-04T20:40:00.000Z,2.06
2022-07-04T19:38:00.000Z,2.06
2022-07-04T19:08:00.000Z,2.07
2022-07-04T18:39:00.000Z,2.06
2022-07-04T16:40:00.000Z,2.06
2022-07-04T16:09:00.000Z,2.06
2022-07-04T16:08:00.000Z,2.06
2022-07-04T12:38:00.000Z,2.06
2022-07-04T10:21:00.000Z,2.06
2022-07-04T09:08:00.000Z,2.06
2022-07-04T08:00:00.000Z,2.06
2022-07-04T07:54:00.000Z,2.06
2022-07-04T06:38:00.000Z,2.06
2022-07-04T05:38:00.000Z,2.06
2022-07-04T04:28:00.000Z,2.06
2022-07-04T04:27:00.000Z,2.06
2022-07-04T04:25:00.000Z,2.06
2022-07-04T04:24:00.000Z,2.06
2022-07-04T04:23:00.000Z,2.06
2022-07-04T04:21:00.000Z,2.06
2022-07-04T04:17:00.000Z,2.06
2022-07-04T04:17:00.000Z,2.06
2022-07-04T04:15:00.000Z,2.06
2022-07-04T04:14:00.000Z,2.06
2022-07-04T04:13:00.000Z,2.06
2022-07-04T04:11:00.000Z,2.06
2022-07-04T04:08:00.000Z,2.06
2022-07-04T04:08:00.000Z,2.06
2022-07-04T03:12:00.000Z,2.06
2022-07-04T03:10:00.000Z,2.06
2022-07-04T03:08:00.000Z,2.06
2022-07-04T03:01:00.000Z,2.06
2022-07-04T02:58:00.000Z,2.06
2022-07-04T02:56:00.000Z,2.06
2022-07-04T02:55:00.000Z,2.06
2022-07-04T02:53:00.000Z,2.06
2022-07-04T02:51:00.000Z,2.06
2022-07-04T02:51:00.000Z,2.06
2022-07-04T02:50:00.000Z,2.06
2022-07-04T02:47:00.000Z,2.06
2022-07-04T02:46:00.000Z,2.06
2022-07-04T02:45:00.000Z,2.06
2022-07-04T02:45:00.000Z,2.06
2022-07-04T02:44:00.000Z,2.06
2022-07-04T02:43:00.000Z,2.06
2022-07-04T02:41:00.000Z,2.06
2022-07-04T02:39:00.000Z,2.06
2022-07-04T02:38:00.000Z,2.06
2022-07-04T02:35:00.000Z,2.06
2022-07-04T02:34:00.000Z,2.06
2022-07-04T02:33:00.000Z,2.06
2022-07-04T02:31:00.000Z,2.06
2022-07-04T02:30:00.000Z,2.06
2022-07-04T02:28:00.000Z,2.06
2022-07-04T02:27:00.000Z,2.06
2022-07-04T02:24:00.000Z,2.06
2022-07-04T02:23:00.000Z,2.06
2022-07-04T02:22:00.000Z,2.06
2022-07-04T02:20:00.000Z,2.06
2022-07-04T02:20:00.000Z,2.06
2022-07-04T02:19:00.000Z,2.06
2022-07-04T02:12:00.000Z,2.06
2022-07-04T02:05:00.000Z,2.06
2022-07-04T02:03:00.000Z,2.06
2022-07-04T01:59:00.000Z,2.06
2022-07-04T01:56:00.000Z,2.06
2022-07-04T01:55:00.000Z,2.06
2022-07-04T01:54:00.000Z,2.06
2022-07-04T01:50:00.000Z,2.06
2022-07-04T01:48:00.000Z,2.06
2022-07-04T01:42:00.000Z,2.06
2022-07-04T01:08:00.000Z,2.06
2022-07-04T01:08:00.000Z,2.06
2022-07-03T23:40:00.000Z,2.06
2022-07-03T23:08:00.000Z,2.06
2022-07-03T22:11:00.000Z,2.06
2022-07-03T22:11:00.000Z,2.06
2022-07-03T22:08:00.000Z,2.06
2022-07-03T22:08:00.000Z,2.06
2022-07-03T21:38:00.000Z,2.06
2022-07-03T20:08:00.000Z,2.07
2022-07-03T19:08:00.000Z,2.06
2022-07-03T17:08:00.000Z,2.06
2022-07-03T14:38:00.000Z,2.06
2022-07-03T14:14:00.000Z,2.07
2022-07-03T13:38:00.000Z,2.07
2022-07-03T11:38:00.000Z,2.06
2022-07-03T08:28:00.000Z,2.06
2022-07-03T08:16:00.000Z,2.06
2022-07-03T08:08:00.000Z,2.06
2022-07-03T07:15:00.000Z,2.06
2022-07-03T05:08:00.000Z,2.06
2022-07-03T04:38:00.000Z,2.06
2022-07-03T02:08:00.000Z,2.06
2022-07-03T02:06:00.000Z,2.06
2022-07-03T02:04:00.000Z,2.06
2022-07-03T02:03:00.000Z,2.06
2022-07-03T02:02:00.000Z,2.06
2022-07-03T02:01:00.000Z,2.06
2022-07-03T02:01:00.000Z,2.06
2022-07-03T02:01:00.000Z,2.06
2022-07-03T01:56:00.000Z,2.06
2022-07-03T01:53:00.000Z,2.06
2022-07-03T01:53:00.000Z,2.06
2022-07-03T01:38:00.000Z,2.06
2022-07-03T01:30:00.000Z,2.06
2022-07-03T01:29:00.000Z,2.06
2022-07-03T01:29:00.000Z,2.06
2022-07-03T01:27:00.000Z,2.06
2022-07-03T01:27:00.000Z,2.06
2022-07-03T01:25:00.000Z,2.06
2022-07-03T01:24:00.000Z,2.06
2022-07-03T01:23:00.000Z,2.06
2022-07-03T01:20:00.000Z,2.06
2022-07-03T01:19:00.000Z,2.06
2022-07-03T01:16:00.000Z,2.06
2022-07-03T01:13:00.000Z,2.06
2022-07-03T01:13:00.000Z,2.06
2022-07-03T01:10:00.000Z,2.06
2022-07-03T00:46:00.000Z,2.06
2022-07-03T00:43:00.000Z,2.06
2022-07-03T00:42:00.000Z,2.06
2022-07-03T00:38:00.000Z,2.06
2022-07-02T22:53:00.000Z,2.06
2022-07-02T22:50:00.000Z,2.06
2022-07-02T22:44:00.000Z,2.06
2022-07-02T22:41:00.000Z,2.06
2022-07-02T22:40:00.000Z,2.06
2022-07-02T22:37:00.000Z,2.06
2022-07-02T22:30:00.000Z,2.06
2022-07-02T22:29:00.000Z,2.06
2022-07-02T22:25:00.000Z,2.06
2022-07-02T22:22:00.000Z,2.06
2022-07-02T22:19:00.000Z,2.06
2022-07-02T22:15:00.000Z,2.06
2022-07-02T21:54:00.000Z,2.06
2022-07-02T21:52:00.000Z,2.06
2022-07-02T21:50:00.000Z,2.06
2022-07-02T21:50:00.000Z,2.06
2022-07-02T21:45:00.000Z,2.06
2022-07-02T21:39:00.000Z,2.06
2022-07-02T21:39:00.000Z,2.06
2022-07-02T21:36:00.000Z,2.06
2022-07-02T21:35:00.000Z,2.06
2022-07-02T21:32:00.000Z,2.06
2022-07-02T21:28:00.000Z,2.06
2022-07-02T21:24:00.000Z,2.06
2022-07-02T21:20:00.000Z,2.06
2022-07-02T21:20:00.000Z,2.06
2022-07-02T21:18:00.000Z,2.06
2022-07-02T21:16:00.000Z,2.06
2022-07-02T21:12:00.000Z,2.06
2022-07-02T21:10:00.000Z,2.06
2022-07-02T21:10:00.000Z,2.06
2022-07-02T21:07:00.000Z,2.06
2022-07-02T20:59:00.000Z,2.06
2022-07-02T20:57:00.000Z,2.06
2022-07-02T20:57:00.000Z,2.06
2022-07-02T20:55:00.000Z,2.06
2022-07-02T20:52:00.000Z,2.06
2022-07-02T20:51:00.000Z,2.06
2022-07-02T20:44:00.000Z,2.06
2022-07-02T20:40:00.000Z,2.06
2022-07-02T19:41:00.000Z,2.06
2022-07-02T19:39:00.000Z,2.06
2022-07-02T18:39:00.000Z,2.06
2022-07-02T18:38:00.000Z,2.06
2022-07-02T18:36:00.000Z,2.06
2022-07-02T18:34:00.000Z,2.06
2022-07-02T18:32:00.000Z,2.06
2022-07-02T18:28:00.000Z,2.06
2022-07-02T18:25:00.000Z,2.06
2022-07-02T18:17:00.000Z,2.06
2022-07-02T18:14:00.000Z,2.06
2022-07-02T18:08:00.000Z,2.06
2022-07-02T17:58:00.000Z,2.06
2022-07-02T17:53:00.000Z,2.06
2022-07-02T17:47:00.000Z,2.06
2022-07-02T17:39:00.000Z,2.06
2022-07-02T17:31:00.000Z,2.06
2022-07-02T17:24:00.000Z,2.06
2022-07-02T17:17:00.000Z,2.06
2022-07-02T16:49:00.000Z,2.06
2022-07-02T15:45:00.000Z,2.06
2022-07-02T13:08:00.000Z,2.06
2022-07-02T12:46:00.000Z,2.06
2022-07-02T12:38:00.000Z,2.06
2022-07-02T12:36:00.000Z,2.06
2022-07-02T12:25:00.000Z,2.06
2022-07-02T12:12:00.000Z,2.06
2022-07-02T11:08:00.000Z,2.06
2022-07-02T09:08:00.000Z,2.06
2022-07-02T07:38:00.000Z,2.06
2022-07-02T04:08:00.000Z,2.06
2022-07-02T03:10:00.000Z,2.06
2022-07-02T03:08:00.000Z,2.06
2022-07-02T00:40:00.000Z,2.06
2022-07-02T00:38:00.000Z,2.06
2022-07-02T00:37:00.000Z,2.06
2022-07-02T00:33:00.000Z,2.06
2022-07-02T00:32:00.000Z,2.06
2022-07-02T00:32:00.000Z,2.06
2022-07-02T00:21:00.000Z,2.06
2022-07-02T00:21:00.000Z,2.06
2022-07-02T00:20:00.000Z,2.06
2022-07-02T00:18:00.000Z,2.06
2022-07-02T00:05:00.000Z,2.06
2022-07-02T00:04:00.000Z,2.06
2022-07-01T23:58:00.000Z,2.06
2022-07-01T23:58:00.000Z,2.06
2022-07-01T23:56:00.000Z,2.06
2022-07-01T23:55:00.000Z,2.06
2022-07-01T23:55:00.000Z,2.06
2022-07-01T23:53:00.000Z,2.06
2022-07-01T23:50:00.000Z,2.06
2022-07-01T23:50:00.000Z,2.06
2022-07-01T23:49:00.000Z,2.06
2022-07-01T23:49:00.000Z,2.06
2022-07-01T23:48:00.000Z,2.06
2022-07-01T23:48:00.000Z,2.06
2022-07-01T23:46:00.000Z,2.06
2022-07-01T23:42:00.000Z,2.06
2022-07-01T23:29:00.000Z,2.06
2022-07-01T23:20:00.000Z,2.06
2022-07-01T23:20:00.000Z,2.06
2022-07-01T23:17:00.000Z,2.06
2022-07-01T23:17:00.000Z,2.06
2022-07-01T22:16:00.000Z,2.06
2022-07-01T22:14:00.000Z,2.06
2022-07-01T21:48:00.000Z,2.06
2022-07-01T21:45:00.000Z,2.06
2022-07-01T21:43:00.000Z,2.06
2022-07-01T20:42:00.000Z,2.06
2022-07-01T20:39:00.000Z,2.06
2022-07-01T20:15:00.000Z,2.06
2022-07-01T19:38:00.000Z,2.06
2022-07-01T16:26:00.000Z,2.06
2022-07-01T16:13:00.000Z,2.06
2022-07-01T16:08:00.000Z,2.06
2022-07-01T15:46:00.000Z,2.06
2022-07-01T15:44:00.000Z,2.06
2022-07-01T15:41:00.000Z,2.06
2022-07-01T15:11:00.000Z,2.06
2022-07-01T15:08:00.000Z,2.06
2022-07-01T13:38:00.000Z,2.06
2022-07-01T12:08:00.000Z,2.06
2022-07-01T11:22:00.000Z,2.06
2022-07-01T10:51:00.000Z,2.06
2022-07-01T10:22:00.000Z,2.06
2022-07-01T10:13:00.000Z,2.06
2022-07-01T10:11:00.000Z,2.06
2022-07-01T10:08:00.000Z,2.06
2022-07-01T08:36:00.000Z,2.06
2022-07-01T08:12:00.000Z,2.06
2022-07-01T08:08:00.000Z,2.06
2022-07-01T07:15:00.000Z,2.06
2022-07-01T07:09:00.000Z,2.06
2022-07-01T06:31:00.000Z,2.06
2022-07-01T06:13:00.000Z,2.06
2022-07-01T06:09:00.000Z,2.06
2022-07-01T06:08:00.000Z,2.06
2022-07-01T05:45:00.000Z,2.06
2022-07-01T05:38:00.000Z,2.06
2022-07-01T05:25:00.000Z,2.06
2022-07-01T05:25:00.000Z,2.06
2022-07-01T05:21:00.000Z,2.06
2022-07-01T04:19:00.000Z,2.06
2022-07-01T01:08:00.000Z,2.06
2022-07-01T00:23:00.000Z,2.06
2022-07-01T00:08:00.000Z,2.06
2022-06-30T23:38:00.000Z,2.06
2022-06-30T23:08:00.000Z,2.06
2022-06-30T21:38:00.000Z,2.06
2022-06-30T19:59:00.000Z,2.06
2022-06-30T19:59:00.000Z,2.06
2022-06-30T19:59:00.000Z,2.06
2022-06-30T19:08:00.000Z,2.06
2022-06-30T18:43:00.000Z,2.06
2022-06-30T17:38:00.000Z,2.06
2022-06-30T17:08:00.000Z,2.06
2022-06-30T15:09:00.000Z,2.06
2022-06-30T11:38:00.000Z,2.06
2022-06-30T08:08:00.000Z,2.06
2022-06-30T07:12:00.000Z,2.06
2022-06-30T07:11:00.000Z,2.06
2022-06-30T07:08:00.000Z,2.06
2022-06-30T06:37:00.000Z,2.06
2022-06-30T06:33:00.000Z,2.06
2022-06-30T06:10:00.000Z,2.06
2022-06-30T05:11:00.000Z,2.06
2022-06-30T04:18:00.000Z,2.06
2022-06-30T04:10:00.000Z,2.06
2022-06-30T03:38:00.000Z,2.06
2022-06-30T03:20:00.000Z,2.06
2022-06-30T03:10:00.000Z,2.06
2022-06-30T03:08:00.000Z,2.06
2022-06-30T02:20:00.000Z,2.06
2022-06-30T02:11:00.000Z,2.06
2022-06-29T22:38:00.000Z,2.06
2022-06-29T22:08:00.000Z,2.06
2022-06-29T21:08:00.000Z,2.06
2022-06-29T20:10:00.000Z,2.06
2022-06-29T20:08:00.000Z,2.06
2022-06-29T19:38:00.000Z,2.06
2022-06-29T18:08:00.000Z,2.07
2022-06-29T15:08:00.000Z,2.06
2022-06-29T12:08:00.000Z,2.06
2022-06-29T10:58:00.000Z,2.06
2022-06-29T10:56:00.000Z,2.06
2022-06-29T10:52:00.000Z,2.06
2022-06-29T10:51:00.000Z,2.06
2022-06-29T10:49:00.000Z,2.06
2022-06-29T10:47:00.000Z,2.06
2022-06-29T10:40:00.000Z,2.06
2022-06-29T10:40:00.000Z,2.06
2022-06-29T10:37:00.000Z,2.06
2022-06-29T10:29:00.000Z,2.06
2022-06-29T10:25:00.000Z,2.06
2022-06-29T10:18:00.000Z,2.06
2022-06-29T10:15:00.000Z,2.06
2022-06-29T10:14:00.000Z,2.06
2022-06-29T10:10:00.000Z,2.06
2022-06-29T10:08:00.000Z,2.06
2022-06-29T08:45:00.000Z,2.06
2022-06-29T08:41:00.000Z,2.06
2022-06-29T07:38:00.000Z,2.06
2022-06-29T02:38:00.000Z,2.06
2022-06-29T02:11:00.000Z,2.06
2022-06-29T00:38:00.000Z,2.06
2022-06-28T21:38:00.000Z,2.06
2022-06-28T20:08:00.000Z,2.06
2022-06-28T18:38:00.000Z,2.06
2022-06-28T16:38:00.000Z,2.07
2022-06-28T13:38:00.000Z,2.06
2022-06-28T10:08:00.000Z,2.06
2022-06-28T08:38:00.000Z,2.06
2022-06-28T07:38:00.000Z,2.06
2022-06-28T07:08:00.000Z,2.06
2022-06-28T05:08:00.000Z,2.06
2022-06-27T23:08:00.000Z,2.06
2022-06-27T22:08:00.000Z,2.06
2022-06-27T21:38:00.000Z,2.06
2022-06-27T21:08:00.000Z,2.06
2022-06-27T20:38:00.000Z,2.06
2022-06-27T19:08:00.000Z,2.07
2022-06-27T18:38:00.000Z,2.06
2022-06-27T18:08:00.000Z,2.06
2022-06-27T16:38:00.000Z,2.06
2022-06-27T16:08:00.000Z,2.06
2022-06-27T14:38:00.000Z,2.06
2022-06-27T14:08:00.000Z,2.06
2022-06-27T08:38:00.000Z,2.06
2022-06-27T08:08:00.000Z,2.06
2022-06-27T06:38:00.000Z,2.06
2022-06-27T03:08:00.000Z,2.06
2022-06-27T00:38:00.000Z,2.06
2022-06-26T23:08:00.000Z,2.06
2022-06-26T22:38:00.000Z,2.06
2022-06-26T21:38:00.000Z,2.06
2022-06-26T20:38:00.000Z,2.06
2022-06-26T17:06:00.000Z,2.06
2022-06-26T17:01:00.000Z,2.07
2022-06-26T16:57:00.000Z,2.07
2022-06-26T16:55:00.000Z,2.06
2022-06-26T16:44:00.000Z,2.06
2022-06-26T16:40:00.000Z,2.06
2022-06-26T16:08:00.000Z,2.07
2022-06-26T13:38:00.000Z,2.06
2022-06-26T12:11:00.000Z,2.06
2022-06-26T11:08:00.000Z,2.06
2022-06-26T10:03:00.000Z,2.06
2022-06-26T09:47:00.000Z,2.06
2022-06-26T09:46:00.000Z,2.06
2022-06-26T09:43:00.000Z,2.06
2022-06-26T09:42:00.000Z,2.06
2022-06-26T09:40:00.000Z,2.06
2022-06-26T09:39:00.000Z,2.06
2022-06-26T09:39:00.000Z,2.06
2022-06-26T09:37:00.000Z,2.06
2022-06-26T09:34:00.000Z,2.06
2022-06-26T09:32:00.000Z,2.06
2022-06-26T09:29:00.000Z,2.06
2022-06-26T09:29:00.000Z,2.06
2022-06-26T09:16:00.000Z,2.06
2022-06-26T09:13:00.000Z,2.06
2022-06-26T09:10:00.000Z,2.06
2022-06-26T09:08:00.000Z,2.06
2022-06-26T07:38:00.000Z,2.06
2022-06-26T06:39:00.000Z,2.06
2022-06-26T06:38:00.000Z,2.06
2022-06-26T02:38:00.000Z,2.06
2022-06-26T00:08:00.000Z,2.06
2022-06-25T23:09:00.000Z,2.06
2022-06-25T23:09:00.000Z,2.06
2022-06-25T23:08:00.000Z,2.06
2022-06-25T22:08:00.000Z,2.06
2022-06-25T21:44:00.000Z,2.06
2022-06-25T21:39:00.000Z,2.06
2022-06-25T21:27:00.000Z,2.06
2022-06-25T21:22:00.000Z,2.06
2022-06-25T21:16:00.000Z,2.06
2022-06-25T21:14:00.000Z,2.06
2022-06-25T21:08:00.000Z,2.06
2022-06-25T20:54:00.000Z,2.06
2022-06-25T20:48:00.000Z,2.06
2022-06-25T20:38:00.000Z,2.06
2022-06-25T20:08:00.000Z,2.06
2022-06-25T16:38:00.000Z,2.06
2022-06-25T12:39:00.000Z,2.06
2022-06-25T12:29:00.000Z,2.06
2022-06-25T12:28:00.000Z,2.06
2022-06-25T12:15:00.000Z,2.06
2022-06-25T12:12:00.000Z,2.06
2022-06-25T12:12:00.000Z,2.06
2022-06-25T12:11:00.000Z,2.06
2022-06-25T12:09:00.000Z,2.06
2022-06-25T10:34:00.000Z,2.06
2022-06-25T10:32:00.000Z,2.06
2022-06-25T10:26:00.000Z,2.06
2022-06-25T10:23:00.000Z,2.06
2022-06-25T10:23:00.000Z,2.06
2022-06-25T10:21:00.000Z,2.06
2022-06-25T10:18:00.000Z,2.06
2022-06-25T10:15:00.000Z,2.06
2022-06-25T10:11:00.000Z,2.06
2022-06-25T10:09:00.000Z,2.06
2022-06-25T10:08:00.000Z,2.06
2022-06-25T10:02:00.000Z,2.06
2022-06-25T09:49:00.000Z,2.06
2022-06-25T09:41:00.000Z,2.06
2022-06-25T09:39:00.000Z,2.06
2022-06-25T08:38:00.000Z,2.06
2022-06-25T08:08:00.000Z,2.06
2022-06-25T06:47:00.000Z,2.06
2022-06-25T06:44:00.000Z,2.06
2022-06-25T06:43:00.000Z,2.06
2022-06-25T06:38:00.000Z,2.06
2022-06-25T05:38:00.000Z,2.06
2022-06-25T03:08:00.000Z,2.06
2022-06-25T02:08:00.000Z,2.06
2022-06-25T01:38:00.000Z,2.06
2022-06-25T00:48:00.000Z,2.06
2022-06-25T00:48:00.000Z,2.06
2022-06-25T00:47:00.000Z,2.06
2022-06-25T00:46:00.000Z,2.06
2022-06-25T00:44:00.000Z,2.06
2022-06-25T00:42:00.000Z,2.06
2022-06-25T00:41:00.000Z,2.06
2022-06-25T00:38:00.000Z,2.06
2022-06-25T00:35:00.000Z,2.06
2022-06-25T00:35:00.000Z,2.06
2022-06-25T00:25:00.000Z,2.06
2022-06-25T00:25:00.000Z,2.06
2022-06-25T00:24:00.000Z,2.06
2022-06-25T00:23:00.000Z,2.06
2022-06-25T00:20:00.000Z,2.06
2022-06-25T00:18:00.000Z,2.06
2022-06-25T00:14:00.000Z,2.06
2022-06-25T00:02:00.000Z,2.06
2022-06-25T00:01:00.000Z,2.06
2022-06-24T23:50:00.000Z,2.06
2022-06-24T23:50:00.000Z,2.06
2022-06-24T23:44:00.000Z,2.06
2022-06-24T23:39:00.000Z,2.06
2022-06-24T23:38:00.000Z,2.06
2022-06-24T23:29:00.000Z,2.06
2022-06-24T23:29:00.000Z,2.06
2022-06-24T23:27:00.000Z,2.06
2022-06-24T23:20:00.000Z,2.06
2022-06-24T23:18:00.000Z,2.06
2022-06-24T23:15:00.000Z,2.06
2022-06-24T23:15:00.000Z,2.06
2022-06-24T23:14:00.000Z,2.06
2022-06-24T23:13:00.000Z,2.06
2022-06-24T23:10:00.000Z,2.06
2022-06-24T23:09:00.000Z,2.06
2022-06-24T23:09:00.000Z,2.06
2022-06-24T22:37:00.000Z,2.06
2022-06-24T22:35:00.000Z,2.06
2022-06-24T22:34:00.000Z,2.06
2022-06-24T22:31:00.000Z,2.06
2022-06-24T22:26:00.000Z,2.06
2022-06-24T22:26:00.000Z,2.06
2022-06-24T22:20:00.000Z,2.06
2022-06-24T22:13:00.000Z,2.06
2022-06-24T21:38:00.000Z,2.06
2022-06-24T20:08:00.000Z,2.06
2022-06-24T18:48:00.000Z,2.06
2022-06-24T18:48:00.000Z,2.06
2022-06-24T18:47:00.000Z,2.06
2022-06-24T18:47:00.000Z,2.06
2022-06-24T18:05:00.000Z,2.06
2022-06-24T17:52:00.000Z,2.06
2022-06-24T17:49:00.000Z,2.06
2022-06-24T17:41:00.000Z,2.06
2022-06-24T16:58:00.000Z,2.06
2022-06-24T16:53:00.000Z,2.06
2022-06-24T16:49:00.000Z,2.06
2022-06-24T16:44:00.000Z,2.06
2022-06-24T16:41:00.000Z,2.06
2022-06-24T16:40:00.000Z,2.06
2022-06-24T14:38:00.000Z,2.06
2022-06-24T13:08:00.000Z,2.06
2022-06-24T11:11:00.000Z,2.06
2022-06-24T09:38:00.000Z,2.06
2022-06-24T08:38:00.000Z,2.06
2022-06-24T06:08:00.000Z,2.06
2022-06-24T05:38:00.000Z,2.06
2022-06-24T04:08:00.000Z,2.06
2022-06-24T03:45:00.000Z,2.06
2022-06-24T03:20:00.000Z,2.06
2022-06-24T03:08:00.000Z,2.06
2022-06-24T02:38:00.000Z,2.06
2022-06-24T01:38:00.000Z,2.06
2022-06-23T22:38:00.000Z,2.06
2022-06-23T20:38:00.000Z,2.06
2022-06-23T19:08:00.000Z,2.06
2022-06-23T17:48:00.000Z,2.06
2022-06-23T17:16:00.000Z,2.06
2022-06-23T17:08:00.000Z,2.06
2022-06-23T16:41:00.000Z,2.07
2022-06-23T15:38:00.000Z,2.06
2022-06-23T12:08:00.000Z,2.07
2022-06-23T11:38:00.000Z,2.06
2022-06-23T10:45:00.000Z,2.06
2022-06-23T10:38:00.000Z,2.06
2022-06-23T09:59:00.000Z,2.06
2022-06-23T09:59:00.000Z,2.06
2022-06-23T01:38:00.000Z,2.06
2022-06-23T01:10:00.000Z,2.06
2022-06-23T01:08:00.000Z,2.06
2022-06-23T00:38:00.000Z,2.06
2022-06-22T23:49:00.000Z,2.06
2022-06-22T23:09:00.000Z,2.06
2022-06-22T22:08:00.000Z,2.06
2022-06-22T21:08:00.000Z,2.06
2022-06-22T18:31:00.000Z,2.07
2022-06-22T16:38:00.000Z,2.07
2022-06-22T16:08:00.000Z,2.07
2022-06-22T14:38:00.000Z,2.07
2022-06-22T12:08:00.000Z,2.07
2022-06-22T11:08:00.000Z,2.07
2022-06-22T10:15:00.000Z,2.07
2022-06-22T09:08:00.000Z,2.07
2022-06-22T07:55:00.000Z,2.06
2022-06-22T07:55:00.000Z,2.06
2022-06-22T06:39:00.000Z,2.06
2022-06-22T06:08:00.000Z,2.06
2022-06-22T03:54:00.000Z,2.06
2022-06-22T02:05:00.000Z,2.06
2022-06-22T01:53:00.000Z,2.06
2022-06-22T01:45:00.000Z,2.06
2022-06-22T01:42:00.000Z,2.06
2022-06-22T01:39:00.000Z,2.06
2022-06-22T01:17:00.000Z,2.06
2022-06-22T01:08:00.000Z,2.06
2022-06-22T01:08:00.000Z,2.06
2022-06-22T00:50:00.000Z,2.06
2022-06-22T00:44:00.000Z,2.06
2022-06-22T00:43:00.000Z,2.06
2022-06-22T00:38:00.000Z,2.06
2022-06-22T00:06:00.000Z,2.06
2022-06-22T00:06:00.000Z,2.06
2022-06-21T23:59:00.000Z,2.06
2022-06-21T23:58:00.000Z,2.06
2022-06-21T23:49:00.000Z,2.06
2022-06-21T23:45:00.000Z,2.06
2022-06-21T23:43:00.000Z,2.06
2022-06-21T23:35:00.000Z,2.06
2022-06-21T23:29:00.000Z,2.06
2022-06-21T23:25:00.000Z,2.06
2022-06-21T23:25:00.000Z,2.06
2022-06-21T22:38:00.000Z,2.06
2022-06-21T22:08:00.000Z,2.06
2022-06-21T21:38:00.000Z,2.06
2022-06-21T21:08:00.000Z,2.07
2022-06-21T20:22:00.000Z,2.07
2022-06-21T20:15:00.000Z,2.07
2022-06-21T19:19:00.000Z,2.07
2022-06-21T19:15:00.000Z,2.07
2022-06-21T19:10:00.000Z,2.07
2022-06-21T14:19:00.000Z,2.07
2022-06-21T12:52:00.000Z,2.07
2022-06-21T12:02:00.000Z,2.07
2022-06-21T11:08:00.000Z,2.07
2022-06-21T10:08:00.000Z,2.07
2022-06-21T09:16:00.000Z,2.06
2022-06-21T08:08:00.000Z,2.06
2022-06-21T07:38:00.000Z,2.06
2022-06-21T06:38:00.000Z,2.06
2022-06-21T05:49:00.000Z,2.06
2022-06-21T05:44:00.000Z,2.06
2022-06-21T05:39:00.000Z,2.06
2022-06-21T05:38:00.000Z,2.06
2022-06-21T05:32:00.000Z,2.06
2022-06-21T05:29:00.000Z,2.06
2022-06-21T05:28:00.000Z,2.06
2022-06-21T05:19:00.000Z,2.06
2022-06-21T05:16:00.000Z,2.06
2022-06-21T05:15:00.000Z,2.06
2022-06-21T05:13:00.000Z,2.06
2022-06-21T05:11:00.000Z,2.06
2022-06-21T05:05:00.000Z,2.06
2022-06-21T05:03:00.000Z,2.06
2022-06-21T05:03:00.000Z,2.06
2022-06-21T04:53:00.000Z,2.06
2022-06-21T04:44:00.000Z,2.06
2022-06-21T04:40:00.000Z,2.06
2022-06-21T00:38:00.000Z,2.06
2022-06-20T23:08:00.000Z,2.06
2022-06-20T22:38:00.000Z,2.06
2022-06-20T21:38:00.000Z,2.06
2022-06-20T21:08:00.000Z,2.06
2022-06-20T20:08:00.000Z,2.07
2022-06-20T19:08:00.000Z,2.07
2022-06-20T18:30:00.000Z,2.07
2022-06-20T18:16:00.000Z,2.07
2022-06-20T18:10:00.000Z,2.07
2022-06-20T16:08:00.000Z,2.07
2022-06-20T14:38:00.000Z,2.07
2022-06-20T13:08:00.000Z,2.06
2022-06-20T10:38:00.000Z,2.06
2022-06-20T09:52:00.000Z,2.06
2022-06-20T09:38:00.000Z,2.06
2022-06-20T08:55:00.000Z,2.06
2022-06-20T08:29:00.000Z,2.06
2022-06-20T08:10:00.000Z,2.06
2022-06-20T07:38:00.000Z,2.06
2022-06-20T07:08:00.000Z,2.06
2022-06-20T06:16:00.000Z,2.06
2022-06-20T05:52:00.000Z,2.06
2022-06-20T05:32:00.000Z,2.06
2022-06-20T05:15:00.000Z,2.06
2022-06-20T05:12:00.000Z,2.06
2022-06-20T04:54:00.000Z,2.06
2022-06-20T04:46:00.000Z,2.06
2022-06-20T04:45:00.000Z,2.06
2022-06-20T03:42:00.000Z,2.06
2022-06-20T03:30:00.000Z,2.06
2022-06-20T03:14:00.000Z,2.06
2022-06-20T03:10:00.000Z,2.06
2022-06-20T03:02:00.000Z,2.06
2022-06-20T02:47:00.000Z,2.06
2022-06-20T02:42:00.000Z,2.06
2022-06-20T02:31:00.000Z,2.06
2022-06-20T02:30:00.000Z,2.06
2022-06-20T02:24:00.000Z,2.06
2022-06-20T02:22:00.000Z,2.06
2022-06-20T01:10:00.000Z,2.06
2022-06-19T22:18:00.000Z,2.06
2022-06-19T20:27:00.000Z,2.06
2022-06-19T19:58:00.000Z,2.06
2022-06-19T17:08:00.000Z,2.06
2022-06-19T14:20:00.000Z,2.06
2022-06-19T13:57:00.000Z,2.06
2022-06-19T13:40:00.000Z,2.06
2022-06-19T11:08:00.000Z,2.06
2022-06-19T09:38:00.000Z,2.06
2022-06-19T08:44:00.000Z,2.06
2022-06-19T08:44:00.000Z,2.06
2022-06-19T08:38:00.000Z,2.06
2022-06-19T08:08:00.000Z,2.06
2022-06-19T07:17:00.000Z,2.06
2022-06-19T07:10:00.000Z,2.06
2022-06-19T07:08:00.000Z,2.06
2022-06-19T04:56:00.000Z,2.06
2022-06-19T04:45:00.000Z,2.06
2022-06-19T04:32:00.000Z,2.06
2022-06-19T04:26:00.000Z,2.06
2022-06-19T04:02:00.000Z,2.06
2022-06-19T03:52:00.000Z,2.06
2022-06-19T03:49:00.000Z,2.06
2022-06-19T03:43:00.000Z,2.06
2022-06-19T03:41:00.000Z,2.06
2022-06-19T03:37:00.000Z,2.06
2022-06-19T03:32:00.000Z,2.06
2022-06-19T03:22:00.000Z,2.06
2022-06-19T03:15:00.000Z,2.06
2022-06-19T03:04:00.000Z,2.06
2022-06-19T03:03:00.000Z,2.06
2022-06-19T02:56:00.000Z,2.06
2022-06-19T02:52:00.000Z,2.06
2022-06-19T02:48:00.000Z,2.06
2022-06-19T02:46:00.000Z,2.06
2022-06-19T02:44:00.000Z,2.06
2022-06-19T02:41:00.000Z,2.06
2022-06-19T02:30:00.000Z,2.06
2022-06-19T02:29:00.000Z,2.06
2022-06-19T02:28:00.000Z,2.06
2022-06-19T02:28:00.000Z,2.06
2022-06-19T01:48:00.000Z,2.06
2022-06-19T01:35:00.000Z,2.06
2022-06-19T00:38:00.000Z,2.06
2022-06-19T00:20:00.000Z,2.06
